,0.0_f1-score,0.0_precision,0.0_recall,0.0_support,0_f1-score,0_precision,0_recall,0_support,1.0_f1-score,1.0_precision,1.0_recall,1.0_support,1_f1-score,1_precision,1_recall,1_support,auroc,best_profit,best_threshold,f1_score,macro avg_f1-score,macro avg_precision,macro avg_recall,macro avg_support,micro avg_f1-score,micro avg_precision,micro avg_recall,micro avg_support,model_type,params,precision,recall,weighted avg_f1-score,weighted avg_precision,weighted avg_recall,weighted avg_support
0,,,,,0.9264305177111717,0.9550561797752809,0.8994708994708994,378.0,,,,,0.6447368421052632,0.5632183908045977,0.7538461538461538,65.0,0.911965811965812,0.5346153846153846,0.2,0.6447368421052632,0.7855836799082174,0.7591372852899393,0.8266585266585267,443,0.8781038374717833,0.8781038374717833,0.8781038374717833,443,xgboost,,0.5632183908045977,0.7538461538461538,0.8850984885590631,0.8975630504680701,0.8781038374717833,443
0,,,,,0.9278350515463917,0.9045226130653267,0.9523809523809523,378.0,,,,,0.4909090909090909,0.6,0.4153846153846154,65.0,0.8831094831094831,0.31153846153846154,0.5,0.4909090909090909,0.7093720712277413,0.7522613065326633,0.6838827838827839,443,0.873589164785553,0.873589164785553,0.873589164785553,443,adaboost,,0.6,0.4153846153846154,0.8637262762835823,0.8598409655500983,0.873589164785553,443
0,,,,,0.9124668435013262,0.9148936170212766,0.91005291005291,378.0,,,,,0.5,0.4925373134328358,0.5076923076923077,65.0,0.8010785510785512,0.31153846153846154,0.225,0.5,0.7062334217506632,0.7037154652270562,0.7088726088726088,443,0.8510158013544018,0.8510158013544018,0.8510158013544018,443,gradientboost,,0.4925373134328358,0.5076923076923077,0.8519468777505673,0.8529226018220697,0.8510158013544018,443
0,,,,,0.9401041666666666,0.9256410256410257,0.955026455026455,378.0,,,,,0.6101694915254237,0.6792452830188679,0.5538461538461539,65.0,0.8457061457061458,0.45576923076923076,0.4,0.6101694915254237,0.7751368290960452,0.8024431543299468,0.7544363044363045,443,0.8961625282167043,0.8961625282167043,0.8961625282167043,443,ensemble,"dict_keys(['neural_net', 'dt', 'nb', 'logr'])",0.6792452830188679,0.5538461538461539,0.891693887018403,0.8894881514413863,0.8961625282167043,443
0,0.9402390438247011,0.959349593495935,0.921875,256.0,,,,,0.5,0.42857142857142855,0.6,25.0,,,,,0.8821875,0.3,0.125,0.5,0.7201195219123506,0.6939605110336817,0.7609375,281,0.8932384341637011,0.8932384341637011,0.8932384341637011,281,grid_search_MLP,"{'mlpc__hidden_layer_sizes': (3, 3), 'mlpc__learning_rate_init': 0.001}",0.42857142857142855,0.6,0.901071869107201,0.9121273368300535,0.8932384341637011,281
0,0.9349112426035503,0.9442231075697212,0.92578125,256.0,,,,,0.4,0.36666666666666664,0.44,25.0,,,,,0.7321875000000001,0.155,0.30000000000000004,0.4,0.6674556213017752,0.6554448871181939,0.682890625,281,0.8825622775800712,0.8825622775800712,0.8825622775800712,281,decision_tree,"{'dt__criterion': 'entropy', 'dt__max_depth': 6, 'dt__max_features': None, 'dt__min_samples_split': 70}",0.36666666666666664,0.44,0.8873212744003874,0.8928390825783462,0.8825622775800712,281
0,0.9446640316205533,0.956,0.93359375,256.0,,,,,0.5,0.45161290322580644,0.56,25.0,,,,,0.83015625,0.305,0.875,0.5,0.7223320158102766,0.7038064516129032,0.746796875,281,0.900355871886121,0.900355871886121,0.900355871886121,281,naive_bayes,{'nb__alpha': 0.75},0.45161290322580644,0.56,0.9051031747148102,0.9111257031339686,0.900355871886121,281
0,0.9411764705882353,0.9789029535864979,0.90625,256.0,,,,,0.5797101449275363,0.45454545454545453,0.8,25.0,,,,,0.9009375,0.44,0.2,0.5797101449275363,0.7604433077578858,0.7167242040659763,0.853125,281,0.8967971530249111,0.896797153024911,0.896797153024911,281,logistic_regression,"{'lr__C': 78.47599703514607, 'lr__penalty': 'l1', 'lr__solver': 'liblinear'}",0.45454545454545453,0.8,0.9090175448177105,0.9322519305401418,0.896797153024911,281
0,0.9298597194388777,0.9547325102880658,0.90625,256.0,,,,,0.4444444444444444,0.3684210526315789,0.56,25.0,,,,,0.853125,0.2,0.2,0.4444444444444444,0.687152081941661,0.6615767814598223,0.733125,281,0.8754448398576512,0.8754448398576512,0.8754448398576512,281,xgboost,,0.3684210526315789,0.56,0.8866733070728249,0.9025695692154246,0.8754448398576512,281
0,0.9481765834932822,0.9320754716981132,0.96484375,256.0,,,,,0.34146341463414637,0.4375,0.28,25.0,,,,,0.8603125,0.145,0.5,0.34146341463414637,0.6448199990637142,0.6847877358490566,0.622421875,281,0.9039145907473308,0.9039145907473309,0.9039145907473309,281,adaboost,,0.4375,0.28,0.8941985435591954,0.888074095212516,0.9039145907473309,281
0,0.9475728155339807,0.9420849420849421,0.953125,256.0,,,,,0.4255319148936171,0.45454545454545453,0.4,25.0,,,,,0.8304687500000001,0.22,0.2,0.4255319148936171,0.6865523652137988,0.6983151983151983,0.6765625,281,0.9039145907473308,0.9039145907473309,0.9039145907473309,281,gradientboost,,0.45454545454545453,0.4,0.9011278955481832,0.8987095428376568,0.9039145907473309,281
0,0.9490196078431371,0.952755905511811,0.9453125,256.0,,,,,0.5,0.48148148148148145,0.52,25.0,,,,,0.8948437499999999,0.31,0.42500000000000004,0.5,0.7245098039215685,0.7171186934966463,0.73265625,281,0.9074733096085409,0.9074733096085409,0.9074733096085409,281,ensemble,"dict_keys(['neural_net', 'dt', 'nb', 'logr'])",0.48148148148148145,0.52,0.9090712441560252,0.9108275759717461,0.9074733096085409,281
0,0.9296875,0.9015151515151515,0.9596774193548387,248.0,,,,,0.27999999999999997,0.4117647058823529,0.21212121212121213,33.0,,,,,0.7831133919843597,0.09848484848484848,0.15000000000000002,0.27999999999999997,0.60484375,0.6566399286987522,0.5858993157380255,281,0.8718861209964412,0.8718861209964412,0.8718861209964412,281,grid_search_MLP,"{'mlpc__hidden_layer_sizes': (3, 3), 'mlpc__learning_rate_init': 0.001}",0.4117647058823529,0.21212121212121213,0.8533896797153026,0.8439999746258905,0.8718861209964412,281
0,0.8879668049792532,0.9145299145299145,0.8629032258064516,248.0,,,,,0.325,0.2765957446808511,0.3939393939393939,33.0,,,,,0.6921432062561094,0.007575757575757576,0.275,0.325,0.6064834024896266,0.5955628296053828,0.6284213098729228,281,0.8078291814946619,0.8078291814946619,0.8078291814946619,281,decision_tree,"{'dt__criterion': 'entropy', 'dt__max_depth': 6, 'dt__max_features': None, 'dt__min_samples_split': 70}",0.2765957446808511,0.3939393939393939,0.8218532656044654,0.8396123785689924,0.8078291814946619,281
0,0.9141716566866267,0.9051383399209486,0.9233870967741935,248.0,,,,,0.2950819672131148,0.32142857142857145,0.2727272727272727,33.0,,,,,0.7495112414467253,0.056818181818181816,0.8500000000000001,0.2950819672131148,0.6046268119498708,0.6132834556747601,0.5980571847507331,281,0.8469750889679716,0.8469750889679716,0.8469750889679716,281,naive_bayes,{'nb__alpha': 0.75},0.32142857142857145,0.2727272727272727,0.8414671735811965,0.8365887941549399,0.8469750889679716,281
0,0.9482071713147411,0.937007874015748,0.9596774193548387,248.0,,,,,0.5666666666666667,0.6296296296296297,0.5151515151515151,33.0,,,,,0.8660801564027371,0.4015151515151515,0.325,0.5666666666666667,0.7574369189907039,0.7833187518226888,0.7374144672531769,281,0.9074733096085409,0.9074733096085409,0.9074733096085409,281,logistic_regression,"{'lr__C': 78.47599703514607, 'lr__penalty': 'l1', 'lr__solver': 'liblinear'}",0.6296296296296297,0.5151515151515151,0.9033999234379209,0.9009100730736059,0.9074733096085409,281
0,0.9256198347107438,0.9491525423728814,0.9032258064516129,248.0,,,,,0.5384615384615385,0.4666666666666667,0.6363636363636364,33.0,,,,,0.8379765395894428,0.36363636363636365,0.15000000000000002,0.5384615384615385,0.7320406865861412,0.707909604519774,0.7697947214076246,281,0.8718861209964412,0.8718861209964412,0.8718861209964412,281,xgboost,,0.4666666666666667,0.6363636363636364,0.8801528461832571,0.8924905000301586,0.8718861209964412,281
0,0.9312377210216111,0.9080459770114943,0.9556451612903226,248.0,,,,,0.339622641509434,0.45,0.2727272727272727,33.0,,,,,0.770039100684262,0.14772727272727273,0.5,0.339622641509434,0.6354301812655225,0.6790229885057472,0.6141862170087977,281,0.8754448398576512,0.8754448398576512,0.8754448398576512,281,adaboost,,0.45,0.2727272727272727,0.861759793534416,0.8542541007076533,0.8754448398576512,281
0,0.9188118811881187,0.9027237354085603,0.9354838709677419,248.0,,,,,0.2807017543859649,0.3333333333333333,0.24242424242424243,33.0,,,,,0.7564149560117301,0.06060606060606061,0.17500000000000002,0.2807017543859649,0.5997568177870418,0.6180285343709468,0.5889540566959921,281,0.8540925266903915,0.8540925266903915,0.8540925266903915,281,gradientboost,,0.3333333333333333,0.24242424242424243,0.8438736812433818,0.8358558234210781,0.8540925266903915,281
0,0.9158110882956879,0.9330543933054394,0.8991935483870968,248.0,,,,,0.4533333333333333,0.40476190476190477,0.5151515151515151,33.0,,,,,0.8216031280547409,0.23106060606060605,0.275,0.4533333333333333,0.6845722108145106,0.6689081490336721,0.707172531769306,281,0.8540925266903915,0.8540925266903915,0.8540925266903915,281,ensemble,"dict_keys(['neural_net', 'dt', 'nb', 'logr'])",0.40476190476190477,0.5151515151515151,0.8614987540830271,0.8710129266793303,0.8540925266903915,281
0,0.9309664694280078,0.9147286821705426,0.9477911646586346,249.0,,,,,0.38596491228070173,0.4583333333333333,0.3333333333333333,33.0,,,,,0.8030911524887429,0.1856060606060606,0.15000000000000002,0.38596491228070173,0.6584656908543547,0.686531007751938,0.6405622489959839,282,0.875886524822695,0.875886524822695,0.875886524822695,282,grid_search_MLP,"{'mlpc__hidden_layer_sizes': (3, 3), 'mlpc__learning_rate_init': 0.001}",0.4583333333333333,0.3333333333333333,0.8671896914639613,0.8613207158172522,0.875886524822695,282
0,0.9354207436399217,0.9122137404580153,0.9598393574297188,249.0,,,,,0.37735849056603776,0.5,0.30303030303030304,33.0,,,,,0.7311062431544358,0.1893939393939394,0.30000000000000004,0.37735849056603776,0.6563896171029797,0.7061068702290076,0.6314348302300109,282,0.8829787234042553,0.8829787234042553,0.8829787234042553,282,decision_tree,"{'dt__criterion': 'entropy', 'dt__max_depth': 6, 'dt__max_features': None, 'dt__min_samples_split': 70}",0.5,0.30303030303030304,0.8701155863653183,0.8639759623193114,0.8829787234042553,282
0,0.906054279749478,0.9434782608695652,0.8714859437751004,249.0,,,,,0.47058823529411764,0.38461538461538464,0.6060606060606061,33.0,,,,,0.7967628088110017,0.24242424242424243,0.47500000000000003,0.47058823529411764,0.6883212575217978,0.664046822742475,0.7387732749178533,282,0.8404255319148938,0.8404255319148937,0.8404255319148937,282,naive_bayes,{'nb__alpha': 0.75},0.38461538461538464,0.6060606060606061,0.8550954873132125,0.8780794136483314,0.8404255319148937,282
0,0.9358178053830228,0.9658119658119658,0.9076305220883534,249.0,,,,,0.617283950617284,0.5208333333333334,0.7575757575757576,33.0,,,,,0.9066569307533163,0.4962121212121212,0.2,0.617283950617284,0.7765508780001534,0.7433226495726496,0.8326031398320555,282,0.8900709219858156,0.8900709219858156,0.8900709219858156,282,logistic_regression,"{'lr__C': 78.47599703514607, 'lr__penalty': 'l1', 'lr__solver': 'liblinear'}",0.5208333333333334,0.7575757575757576,0.8985425670593726,0.9137399981814875,0.8900709219858156,282
0,0.9338677354709418,0.932,0.9357429718875502,249.0,,,,,0.49230769230769234,0.5,0.48484848484848486,33.0,,,,,0.8654009979311185,0.30303030303030304,0.30000000000000004,0.49230769230769234,0.713087713889317,0.716,0.7102957283680176,282,0.8829787234042553,0.8829787234042553,0.8829787234042553,282,xgboost,,0.5,0.48484848484848486,0.8821958155263062,0.8814468085106384,0.8829787234042553,282
0,0.9471624266144814,0.9236641221374046,0.9718875502008032,249.0,,,,,0.490566037735849,0.65,0.3939393939393939,33.0,,,,,0.8584641596689789,0.3143939393939394,0.5,0.490566037735849,0.7188642321751652,0.7868320610687023,0.6829134720700986,282,0.9042553191489362,0.9042553191489362,0.9042553191489362,282,adaboost,,0.65,0.3939393939393939,0.8937309342988967,0.8916395972064316,0.9042553191489362,282
0,0.9205702647657841,0.9338842975206612,0.9076305220883534,249.0,,,,,0.4657534246575342,0.425,0.5151515151515151,33.0,,,,,0.8175124741389802,0.2537878787878788,0.15000000000000002,0.4657534246575342,0.6931618447116592,0.6794421487603306,0.7113910186199343,282,0.8617021276595744,0.8617021276595744,0.8617021276595744,282,gradientboost,,0.425,0.5151515151515151,0.867347017519074,0.8743340073852647,0.8617021276595744,282
0,0.8917748917748919,0.9671361502347418,0.8273092369477911,249.0,,,,,0.5098039215686274,0.37681159420289856,0.7878787878787878,33.0,,,,,0.8803699647073141,0.29924242424242425,0.17500000000000002,0.5098039215686274,0.7007894066717597,0.6719738722188202,0.8075940124132894,282,0.8226950354609928,0.8226950354609929,0.8226950354609929,282,ensemble,"dict_keys(['neural_net', 'dt', 'nb', 'logr'])",0.37681159420289856,0.7878787878787878,0.8470761612188397,0.8980556170820793,0.8226950354609929,282
0,0.9516441005802708,0.935361216730038,0.968503937007874,254.0,,,,,0.4444444444444445,0.5555555555555556,0.37037037037037035,27.0,,,,,0.8238553514144065,0.25925925925925924,0.1,0.4444444444444445,0.6980442725123577,0.7454583861427968,0.6694371536891222,281,0.911032028469751,0.9110320284697508,0.9110320284697508,281,grid_search_MLP,"{'mlpc__hidden_layer_sizes': (3, 3), 'mlpc__learning_rate_init': 0.001}",0.5555555555555556,0.37037037037037035,0.9029096140476469,0.8988674343396073,0.9110320284697508,281
0,0.9555125725338492,0.9391634980988594,0.9724409448818898,254.0,,,,,0.4888888888888889,0.6111111111111112,0.4074074074074074,27.0,,,,,0.8091280256634588,0.3101851851851852,0.5750000000000001,0.4888888888888889,0.722200730711369,0.7751373046049852,0.6899241761446486,281,0.9181494661921709,0.9181494661921709,0.9181494661921709,281,decision_tree,"{'dt__criterion': 'entropy', 'dt__max_depth': 6, 'dt__max_features': None, 'dt__min_samples_split': 70}",0.6111111111111112,0.4074074074074074,0.9106768449238353,0.9076424502388266,0.9181494661921709,281
0,0.9432485322896281,0.9377431906614786,0.9488188976377953,254.0,,,,,0.4313725490196078,0.4583333333333333,0.4074074074074074,27.0,,,,,0.7217847769028871,0.22685185185185186,0.8250000000000001,0.4313725490196078,0.6873105406546179,0.6980382619974059,0.6781131525226013,281,0.8967971530249111,0.896797153024911,0.896797153024911,281,naive_bayes,{'nb__alpha': 0.75},0.4583333333333333,0.4074074074074074,0.8940647189505159,0.8916788983203401,0.896797153024911,281
0,0.9378757515030061,0.9551020408163265,0.9212598425196851,254.0,,,,,0.5079365079365079,0.4444444444444444,0.5925925925925926,27.0,,,,,0.8957421988918052,0.3148148148148148,0.25,0.5079365079365079,0.722906129719757,0.6997732426303855,0.7569262175561389,281,0.8896797153024911,0.8896797153024911,0.8896797153024911,281,logistic_regression,"{'lr__C': 78.47599703514607, 'lr__penalty': 'l1', 'lr__solver': 'liblinear'}",0.4444444444444444,0.5925925925925926,0.8965648633311362,0.90603529668095,0.8896797153024911,281
0,0.9423459244532804,0.9518072289156626,0.9330708661417323,254.0,,,,,0.5084745762711864,0.46875,0.5555555555555556,27.0,,,,,0.8935549722951298,0.3194444444444444,0.25,0.5084745762711864,0.7254102503622334,0.7102786144578312,0.7443132108486439,281,0.8967971530249111,0.896797153024911,0.896797153024911,281,xgboost,,0.46875,0.5555555555555556,0.9006572184001965,0.9053924773828409,0.896797153024911,281
0,0.9315068493150686,0.9260700389105059,0.937007874015748,254.0,,,,,0.3137254901960785,0.3333333333333333,0.2962962962962963,27.0,,,,,0.8219597550306211,0.07407407407407407,0.5,0.3137254901960785,0.6226161697555735,0.6297016861219196,0.6166520851560222,281,0.8754448398576512,0.8754448398576512,0.8754448398576512,281,adaboost,,0.3333333333333333,0.2962962962962963,0.8721470745954503,0.8691166899760444,0.8754448398576512,281
0,0.9495327102803738,0.9039145907473309,1.0,254.0,,,,,0.0,0.0,0.0,27.0,,,,,0.7407407407407407,0.0,0.375,0.0,0.4747663551401869,0.45195729537366547,0.5,281,0.9039145907473308,0.9039145907473309,0.9039145907473309,281,gradientboost,,0.0,0.0,0.858296471214288,0.8170615873659147,0.9039145907473309,281
0,0.9484126984126984,0.956,0.9409448818897638,254.0,,,,,0.5517241379310345,0.5161290322580645,0.5925925925925926,27.0,,,,,0.8734324876057159,0.38425925925925924,0.35000000000000003,0.5517241379310345,0.7500684181718664,0.7360645161290322,0.7667687372411782,281,0.9074733096085409,0.9074733096085409,0.9074733096085409,281,ensemble,"dict_keys(['neural_net', 'dt', 'nb', 'logr'])",0.5161290322580645,0.5925925925925926,0.9102967157329656,0.9137348180461484,0.9074733096085409,281
0,0.9430255402750491,0.9375,0.9486166007905138,253.0,,,,,0.5396825396825397,0.5666666666666667,0.5151515151515151,33.0,,,,,0.8699245418613006,0.36742424242424243,0.35000000000000003,0.5396825396825397,0.7413540399787943,0.7520833333333333,0.7318840579710144,286,0.8986013986013986,0.8986013986013986,0.8986013986013986,286,grid_search_MLP,"{'mlpc__hidden_layer_sizes': (3, 3), 'mlpc__learning_rate_init': 0.001}",0.5666666666666667,0.5151515151515151,0.8964859632836059,0.8947115384615384,0.8986013986013986,286
0,0.9473684210526315,0.9032258064516129,0.9960474308300395,253.0,,,,,0.30000000000000004,0.8571428571428571,0.18181818181818182,33.0,,,,,0.7362558390226376,0.17045454545454544,0.65,0.30000000000000004,0.6236842105263158,0.880184331797235,0.5889328063241107,286,0.9020979020979021,0.9020979020979021,0.9020979020979021,286,decision_tree,"{'dt__criterion': 'entropy', 'dt__max_depth': 6, 'dt__max_features': None, 'dt__min_samples_split': 70}",0.8571428571428571,0.18181818181818182,0.872672064777328,0.8979085430698334,0.9020979020979021,286
0,0.9386138613861386,0.9404761904761905,0.9367588932806324,253.0,,,,,0.5373134328358209,0.5294117647058824,0.5454545454545454,33.0,,,,,0.8148281231285184,0.36363636363636365,0.7250000000000001,0.5373134328358209,0.7379636471109797,0.7349439775910365,0.7411067193675889,286,0.8916083916083916,0.8916083916083916,0.8916083916083916,286,naive_bayes,{'nb__alpha': 0.75},0.5294117647058824,0.5454545454545454,0.8923099657841788,0.8930456798103856,0.8916083916083916,286
0,0.939516129032258,0.9588477366255144,0.9209486166007905,253.0,,,,,0.6052631578947368,0.5348837209302325,0.696969696969697,33.0,,,,,0.8916037848844173,0.4696969696969697,0.275,0.6052631578947368,0.7723896434634974,0.7468657287778735,0.8089591567852438,286,0.8951048951048951,0.8951048951048951,0.8951048951048951,286,logistic_regression,"{'lr__C': 78.47599703514607, 'lr__penalty': 'l1', 'lr__solver': 'liblinear'}",0.5348837209302325,0.696969696969697,0.9009484785163901,0.9099288117375972,0.8951048951048951,286
0,0.9388560157790927,0.937007874015748,0.9407114624505929,253.0,,,,,0.5230769230769231,0.53125,0.5151515151515151,33.0,,,,,0.8593843574080728,0.3446969696969697,0.25,0.5230769230769231,0.7309664694280079,0.7341289370078741,0.727931488801054,286,0.8916083916083916,0.8916083916083916,0.8916083916083916,286,xgboost,,0.53125,0.5151515151515151,0.8908815050826885,0.8901896577831617,0.8916083916083916,286
0,0.9439071566731142,0.9242424242424242,0.9644268774703557,253.0,,,,,0.4727272727272727,0.5909090909090909,0.3939393939393939,33.0,,,,,0.8243502215834232,0.2916666666666667,0.5,0.4727272727272727,0.7083172147001935,0.7575757575757576,0.6791831357048748,286,0.8986013986013986,0.8986013986013986,0.8986013986013986,286,adaboost,,0.5909090909090909,0.3939393939393939,0.8895402469870556,0.8857808857808858,0.8986013986013986,286
0,0.9420849420849421,0.9207547169811321,0.9644268774703557,253.0,,,,,0.4444444444444444,0.5714285714285714,0.36363636363636365,33.0,,,,,0.7237393699844292,0.26136363636363635,0.17500000000000002,0.4444444444444444,0.6932646932646933,0.7460916442048517,0.6640316205533596,286,0.8951048951048951,0.8951048951048951,0.8951048951048951,286,gradientboost,,0.5714285714285714,0.36363636363636365,0.8846648846648847,0.8804478540327597,0.8951048951048951,286
0,0.9392712550607287,0.9626556016597511,0.9169960474308301,253.0,,,,,0.6153846153846153,0.5333333333333333,0.7272727272727273,33.0,,,,,0.8817822493711822,0.48863636363636365,0.325,0.6153846153846153,0.7773279352226721,0.7479944674965422,0.8221343873517787,286,0.8951048951048951,0.8951048951048951,0.8951048951048951,286,ensemble,"dict_keys(['neural_net', 'dt', 'nb', 'logr'])",0.5333333333333333,0.7272727272727273,0.9018997197134848,0.9131184168528568,0.8951048951048951,286
0,,,,,0.9264305177111717,0.9550561797752809,0.8994708994708994,378.0,,,,,0.6447368421052632,0.5632183908045977,0.7538461538461538,65.0,0.911965811965812,0.5346153846153846,0.2,0.6447368421052632,0.7855836799082174,0.7591372852899393,0.8266585266585267,443,0.8781038374717833,0.8781038374717833,0.8781038374717833,443,xgboost,,0.5632183908045977,0.7538461538461538,0.8850984885590631,0.8975630504680701,0.8781038374717833,443
0,,,,,0.9278350515463917,0.9045226130653267,0.9523809523809523,378.0,,,,,0.4909090909090909,0.6,0.4153846153846154,65.0,0.8831094831094831,0.31153846153846154,0.5,0.4909090909090909,0.7093720712277413,0.7522613065326633,0.6838827838827839,443,0.873589164785553,0.873589164785553,0.873589164785553,443,adaboost,,0.6,0.4153846153846154,0.8637262762835823,0.8598409655500983,0.873589164785553,443
0,,,,,0.9212903225806451,0.8992443324937027,0.9444444444444444,378.0,,,,,0.45045045045045046,0.5434782608695652,0.38461538461538464,65.0,0.778958078958079,0.26346153846153847,0.275,0.45045045045045046,0.6858703865155478,0.721361296681634,0.6645299145299145,443,0.8623024830699775,0.8623024830699775,0.8623024830699775,443,gradientboost,,0.5434782608695652,0.38461538461538464,0.8522054654960795,0.8470438930906127,0.8623024830699775,443
0,,,,,0.9491094147582696,0.9142156862745098,0.9867724867724867,378.0,,,,,0.6,0.8571428571428571,0.46153846153846156,65.0,0.8413105413105413,0.4326923076923077,0.525,0.6,0.7745547073791348,0.8856792717086834,0.7241554741554741,443,0.909706546275395,0.909706546275395,0.909706546275395,443,ensemble,"dict_keys(['neural_net', 'dt', 'nb', 'logr'])",0.8571428571428571,0.46153846153846156,0.8978856857305325,0.9058415691332966,0.909706546275395,443
0,0.9498997995991983,0.9330708661417323,0.9673469387755103,245.0,,,,,0.5283018867924528,0.6363636363636364,0.45161290322580644,31.0,,,,,0.8391046741277156,0.3548387096774194,0.15000000000000002,0.5283018867924528,0.7391008431958256,0.7847172512526843,0.7094799210006584,276,0.9094202898550725,0.9094202898550725,0.9094202898550725,276,grid_search_MLP,"{'mlpc__hidden_layer_sizes': 3, 'mlpc__learning_rate_init': 0.01}",0.6363636363636364,0.45161290322580644,0.902546410841919,0.8997450541014389,0.9094202898550725,276
0,0.9482071713147411,0.9260700389105059,0.9714285714285714,245.0,,,,,0.48000000000000004,0.631578947368421,0.3870967741935484,31.0,,,,,0.7441737985516788,0.3024193548387097,0.225,0.48000000000000004,0.7141035856573705,0.7788244931394634,0.6792626728110599,276,0.9057971014492753,0.9057971014492754,0.9057971014492754,276,decision_tree,"{'dt__criterion': 'entropy', 'dt__max_depth': 6, 'dt__max_features': None, 'dt__min_samples_split': 70}",0.631578947368421,0.3870967741935484,0.8956186846815636,0.8929931409474456,0.9057971014492754,276
0,0.9475806451612903,0.9362549800796812,0.9591836734693877,245.0,,,,,0.5357142857142857,0.6,0.4838709677419355,31.0,,,,,0.8208031599736668,0.3629032258064516,0.775,0.5357142857142857,0.741647465437788,0.7681274900398406,0.7215273206056616,276,0.9057971014492753,0.9057971014492754,0.9057971014492754,276,naive_bayes,{'nb__alpha': 0.75},0.6,0.4838709677419355,0.9013202931944165,0.8984872105779779,0.9057971014492754,276
0,0.9440993788819876,0.957983193277311,0.9306122448979591,245.0,,,,,0.6086956521739131,0.5526315789473685,0.6774193548387096,31.0,,,,,0.885977616853193,0.4717741935483871,0.125,0.6086956521739131,0.7763975155279503,0.7553073861123397,0.8040157998683344,276,0.9021739130434784,0.9021739130434783,0.9021739130434783,276,logistic_regression,"{'lr__C': 29.763514416313132, 'lr__penalty': 'l1', 'lr__solver': 'liblinear'}",0.5526315789473685,0.6774193548387096,0.9064272211720228,0.9124545699286579,0.9021739130434783,276
0,0.9496981891348089,0.9365079365079365,0.963265306122449,245.0,,,,,0.5454545454545454,0.625,0.4838709677419355,31.0,,,,,0.8421329822251481,0.375,0.225,0.5454545454545454,0.7475763672946771,0.7807539682539683,0.7235681369321922,276,0.9094202898550725,0.9094202898550725,0.9094202898550725,276,xgboost,,0.625,0.4838709677419355,0.9042940117649242,0.9015197262479872,0.9094202898550725,276
0,0.9490196078431372,0.9132075471698113,0.9877551020408163,245.0,,,,,0.38095238095238093,0.7272727272727273,0.25806451612903225,31.0,,,,,0.7657669519420671,0.2217741935483871,0.5,0.38095238095238093,0.6649859943977591,0.8202401372212693,0.6229098090849243,276,0.9057971014492753,0.9057971014492754,0.9057971014492754,276,adaboost,,0.7272727272727273,0.25806451612903225,0.8852149555474362,0.8923235637755735,0.9057971014492754,276
0,0.9346938775510204,0.9346938775510204,0.9346938775510204,245.0,,,,,0.4838709677419355,0.4838709677419355,0.4838709677419355,31.0,,,,,0.8547728768926925,0.2903225806451613,0.15000000000000002,0.4838709677419355,0.709282422646478,0.709282422646478,0.709282422646478,276,0.8840579710144928,0.8840579710144928,0.8840579710144928,276,gradientboost,,0.4838709677419355,0.4838709677419355,0.8840579710144928,0.8840579710144928,0.8840579710144928,276
0,0.9552845528455284,0.951417004048583,0.9591836734693877,245.0,,,,,0.6333333333333333,0.6551724137931034,0.6129032258064516,31.0,,,,,0.8554312047399605,0.49193548387096775,0.275,0.6333333333333333,0.7943089430894308,0.8032947089208432,0.7860434496379196,276,0.9202898550724637,0.9202898550724637,0.9202898550724637,276,ensemble,"dict_keys(['neural_net', 'dt', 'nb', 'logr'])",0.6551724137931034,0.6129032258064516,0.9191233651466949,0.9181431551430763,0.9202898550724637,276
0,0.9496981891348089,0.9402390438247012,0.959349593495935,246.0,,,,,0.4897959183673469,0.5454545454545454,0.4444444444444444,27.0,,,,,0.8526046371574827,0.3055555555555556,0.225,0.4897959183673469,0.719747053751078,0.7428467946396233,0.7018970189701896,273,0.9084249084249084,0.9084249084249084,0.9084249084249084,273,grid_search_MLP,"{'mlpc__hidden_layer_sizes': 3, 'mlpc__learning_rate_init': 0.01}",0.5454545454545454,0.4444444444444444,0.9042133491687961,0.9011944231067738,0.9084249084249084,273
0,0.9110169491525425,0.9513274336283186,0.8739837398373984,246.0,,,,,0.4324324324324324,0.3404255319148936,0.5925925925925926,27.0,,,,,0.7867359229147848,0.16203703703703703,0.17500000000000002,0.4324324324324324,0.6717246907924874,0.6458764827716061,0.7332881662149955,273,0.8461538461538461,0.8461538461538461,0.8461538461538461,273,decision_tree,"{'dt__criterion': 'entropy', 'dt__max_depth': 6, 'dt__max_features': None, 'dt__min_samples_split': 70}",0.3404255319148936,0.5925925925925926,0.8636844145318723,0.8909085642280898,0.8461538461538461,273
0,0.9477911646586347,0.9365079365079365,0.959349593495935,246.0,,,,,0.4583333333333333,0.5238095238095238,0.4074074074074074,27.0,,,,,0.8288166214995483,0.26851851851851855,0.8500000000000001,0.4583333333333333,0.703062248995984,0.7301587301587302,0.6833785004516711,273,0.9047619047619048,0.9047619047619048,0.9047619047619048,273,naive_bayes,{'nb__alpha': 0.75},0.5238095238095238,0.4074074074074074,0.8993832472748137,0.8956916099773242,0.9047619047619048,273
0,0.9462809917355373,0.9621848739495799,0.9308943089430894,246.0,,,,,0.5806451612903226,0.5142857142857142,0.6666666666666666,27.0,,,,,0.9031918096958748,0.4305555555555556,0.25,0.5806451612903226,0.76346307651293,0.7382352941176471,0.7987804878048781,273,0.9047619047619048,0.9047619047619048,0.9047619047619048,273,logistic_regression,"{'lr__C': 29.763514416313132, 'lr__penalty': 'l1', 'lr__solver': 'liblinear'}",0.5142857142857142,0.6666666666666666,0.9101192063068897,0.9178871548619448,0.9047619047619048,273
0,0.9554655870445343,0.9516129032258065,0.959349593495935,246.0,,,,,0.576923076923077,0.6,0.5555555555555556,27.0,,,,,0.8962661848840711,0.4166666666666667,0.30000000000000004,0.576923076923077,0.7661943319838056,0.7758064516129033,0.7574525745257452,273,0.9194139194139194,0.9194139194139194,0.9194139194139194,273,xgboost,,0.6,0.5555555555555556,0.9180273168127417,0.9168380007089684,0.9194139194139194,273
0,0.9456740442655935,0.9362549800796812,0.9552845528455285,246.0,,,,,0.44897959183673464,0.5,0.4074074074074074,27.0,,,,,0.8541102077687444,0.25462962962962965,0.5,0.44897959183673464,0.697326818051164,0.7181274900398407,0.681345980126468,273,0.9010989010989011,0.9010989010989011,0.9010989010989011,273,adaboost,,0.5,0.4074074074074074,0.8965504171022999,0.8931088831487237,0.9010989010989011,273
0,0.9542743538767395,0.933852140077821,0.975609756097561,246.0,,,,,0.4651162790697674,0.625,0.37037037037037035,27.0,,,,,0.8367961457392352,0.28703703703703703,0.225,0.4651162790697674,0.7096953164732535,0.7794260700389105,0.6729900632339656,273,0.9157509157509157,0.9157509157509157,0.9157509157509157,273,gradientboost,,0.625,0.37037037037037035,0.9058960827419841,0.9033063240261684,0.9157509157509157,273
0,0.9642857142857143,0.9418604651162791,0.9878048780487805,246.0,,,,,0.5714285714285714,0.8,0.4444444444444444,27.0,,,,,0.8959650707618187,0.4027777777777778,0.45,0.5714285714285714,0.7678571428571428,0.8709302325581396,0.7161246612466124,273,0.9340659340659341,0.9340659340659341,0.9340659340659341,273,ensemble,"dict_keys(['neural_net', 'dt', 'nb', 'logr'])",0.8,0.4444444444444444,0.9254317111459969,0.9278303092256581,0.9340659340659341,273
0,0.9305019305019305,0.9305019305019305,0.9305019305019305,259.0,,,,,0.3076923076923077,0.3076923076923077,0.3076923076923077,26.0,,,,,0.7426492426492427,0.04807692307692308,0.2,0.3076923076923077,0.6190971190971191,0.6190971190971191,0.6190971190971191,285,0.8736842105263158,0.8736842105263158,0.8736842105263158,285,grid_search_MLP,"{'mlpc__hidden_layer_sizes': 3, 'mlpc__learning_rate_init': 0.01}",0.3076923076923077,0.3076923076923077,0.8736842105263158,0.8736842105263158,0.8736842105263158,285
0,0.9555555555555555,0.9181494661921709,0.9961389961389961,259.0,,,,,0.19999999999999998,0.75,0.11538461538461539,26.0,,,,,0.7449509949509949,0.10096153846153846,0.42500000000000004,0.19999999999999998,0.5777777777777777,0.8340747330960854,0.5557618057618058,285,0.9157894736842105,0.9157894736842105,0.9157894736842105,285,decision_tree,"{'dt__criterion': 'entropy', 'dt__max_depth': 6, 'dt__max_features': None, 'dt__min_samples_split': 70}",0.75,0.11538461538461539,0.8866276803118908,0.9028095148904289,0.9157894736842105,285
0,0.9239766081871346,0.9330708661417323,0.915057915057915,259.0,,,,,0.3157894736842105,0.2903225806451613,0.34615384615384615,26.0,,,,,0.6982476982476982,0.028846153846153848,0.65,0.3157894736842105,0.6198830409356726,0.6116967233934468,0.6306058806058805,285,0.8631578947368422,0.8631578947368421,0.8631578947368421,285,naive_bayes,{'nb__alpha': 0.75},0.2903225806451613,0.34615384615384615,0.8684928696009029,0.8744341804473083,0.8631578947368421,285
0,0.934131736526946,0.9669421487603306,0.9034749034749034,259.0,,,,,0.5217391304347826,0.4186046511627907,0.6923076923076923,26.0,,,,,0.8607068607068608,0.3317307692307692,0.225,0.5217391304347826,0.7279354334808643,0.6927733999615606,0.7978912978912979,285,0.8842105263157894,0.8842105263157894,0.8842105263157894,285,logistic_regression,"{'lr__C': 29.763514416313132, 'lr__penalty': 'l1', 'lr__solver': 'liblinear'}",0.4186046511627907,0.6923076923076923,0.8965099549185381,0.9169183770496779,0.8842105263157894,285
0,0.9455252918287939,0.9529411764705882,0.9382239382239382,259.0,,,,,0.5,0.4666666666666667,0.5384615384615384,26.0,,,,,0.8300415800415801,0.3076923076923077,0.275,0.5,0.722762645914397,0.7098039215686274,0.7383427383427383,285,0.9017543859649123,0.9017543859649123,0.9017543859649123,285,xgboost,,0.4666666666666667,0.5384615384615384,0.9048808792409039,0.9085792913656691,0.9017543859649123,285
0,0.944337811900192,0.9389312977099237,0.9498069498069498,259.0,,,,,0.40816326530612246,0.43478260869565216,0.38461538461538464,26.0,,,,,0.763959013959014,0.1971153846153846,0.5,0.40816326530612246,0.6762505386031572,0.686856953202788,0.6672111672111672,285,0.8982456140350877,0.8982456140350877,0.8982456140350877,285,adaboost,,0.43478260869565216,0.38461538461538464,0.8954236427372242,0.8929387857296744,0.8982456140350877,285
0,0.9320388349514563,0.9375,0.9266409266409267,259.0,,,,,0.3636363636363637,0.3448275862068966,0.38461538461538464,26.0,,,,,0.7503712503712503,0.11057692307692307,0.17500000000000002,0.3636363636363637,0.64783759929391,0.6411637931034483,0.6556281556281557,285,0.8771929824561403,0.8771929824561403,0.8771929824561403,285,gradientboost,,0.3448275862068966,0.38461538461538464,0.8801845744104304,0.8834316394434362,0.8771929824561403,285
0,0.9465648854961831,0.9358490566037736,0.9575289575289575,259.0,,,,,0.3913043478260869,0.45,0.34615384615384615,26.0,,,,,0.8307098307098307,0.1875,0.42500000000000004,0.3913043478260869,0.668934616661135,0.6929245283018868,0.6518414018414018,285,0.9017543859649123,0.9017543859649123,0.9017543859649123,285,ensemble,"dict_keys(['neural_net', 'dt', 'nb', 'logr'])",0.45,0.34615384615384615,0.8959095381999638,0.8915259847732538,0.9017543859649123,285
0,0.9271028037383178,0.9018181818181819,0.9538461538461539,260.0,,,,,0.2909090909090909,0.4,0.22857142857142856,35.0,,,,,0.7693406593406593,0.1,0.35000000000000003,0.2909090909090909,0.6090059473237044,0.6509090909090909,0.5912087912087912,295,0.8677966101694914,0.8677966101694915,0.8677966101694915,295,grid_search_MLP,"{'mlpc__hidden_layer_sizes': 3, 'mlpc__learning_rate_init': 0.01}",0.4,0.22857142857142856,0.8516221937416298,0.8422804314329738,0.8677966101694915,295
0,0.9136276391554703,0.9118773946360154,0.9153846153846154,260.0,,,,,0.3478260869565218,0.35294117647058826,0.34285714285714286,35.0,,,,,0.7868131868131868,0.10714285714285714,0.30000000000000004,0.3478260869565218,0.630726863055996,0.6324092855533018,0.6291208791208791,295,0.847457627118644,0.847457627118644,0.847457627118644,295,decision_tree,"{'dt__criterion': 'entropy', 'dt__max_depth': 6, 'dt__max_features': None, 'dt__min_samples_split': 70}",0.35294117647058826,0.34285714285714286,0.846498641436951,0.8455629280740155,0.847457627118644,295
0,0.9052224371373307,0.9105058365758755,0.9,260.0,,,,,0.3287671232876712,0.3157894736842105,0.34285714285714286,35.0,,,,,0.7313186813186813,0.06428571428571428,0.875,0.3287671232876712,0.616994780212501,0.613147655130043,0.6214285714285714,295,0.8338983050847457,0.8338983050847457,0.8338983050847457,295,naive_bayes,{'nb__alpha': 0.75},0.3157894736842105,0.34285714285714286,0.8368294337992356,0.8399462680972033,0.8338983050847457,295
0,0.8962655601659751,0.972972972972973,0.8307692307692308,260.0,,,,,0.5370370370370371,0.3972602739726027,0.8285714285714286,35.0,,,,,0.8732967032967033,0.35714285714285715,0.15000000000000002,0.5370370370370371,0.7166512986015061,0.6851166234727879,0.8296703296703297,295,0.8305084745762712,0.8305084745762712,0.8305084745762712,295,logistic_regression,"{'lr__C': 29.763514416313132, 'lr__penalty': 'l1', 'lr__solver': 'liblinear'}",0.3972602739726027,0.8285714285714286,0.8536452269133893,0.9046680764814037,0.8305084745762712,295
0,0.9227722772277227,0.9510204081632653,0.8961538461538462,260.0,,,,,0.5411764705882354,0.46,0.6571428571428571,35.0,,,,,0.8702747252747253,0.3678571428571429,0.2,0.5411764705882354,0.731974373907979,0.7055102040816327,0.7766483516483517,295,0.8677966101694914,0.8677966101694915,0.8677966101694915,295,xgboost,,0.46,0.6571428571428571,0.8774981984738852,0.8927637495676237,0.8677966101694915,295
0,0.9356060606060606,0.9216417910447762,0.95,260.0,,,,,0.45161290322580644,0.5185185185185185,0.4,35.0,,,,,0.8600549450549451,0.26071428571428573,0.5,0.45161290322580644,0.6936094819159335,0.7200801547816473,0.675,295,0.8847457627118644,0.8847457627118644,0.8847457627118644,295,adaboost,,0.5185185185185185,0.4,0.8781831436287423,0.8738136061687795,0.8847457627118644,295
0,0.9087378640776699,0.9176470588235294,0.9,260.0,,,,,0.3733333333333333,0.35,0.4,35.0,,,,,0.7905494505494505,0.12142857142857143,0.17500000000000002,0.3733333333333333,0.6410355987055016,0.6338235294117647,0.65,295,0.8406779661016949,0.8406779661016949,0.8406779661016949,295,gradientboost,,0.35,0.4,0.8452152926334265,0.8502991026919241,0.8406779661016949,295
0,0.9259962049335864,0.9138576779026217,0.9384615384615385,260.0,,,,,0.38095238095238093,0.42857142857142855,0.34285714285714286,35.0,,,,,0.8359340659340659,0.17142857142857143,0.5,0.38095238095238093,0.6534742929429836,0.6712145532370252,0.6406593406593406,295,0.8677966101694914,0.8677966101694915,0.8677966101694915,295,ensemble,"dict_keys(['neural_net', 'dt', 'nb', 'logr'])",0.42857142857142855,0.34285714285714286,0.8613299885290366,0.856281343236209,0.8677966101694915,295
0,0.9386138613861386,0.9294117647058824,0.948,250.0,,,,,0.47457627118644063,0.5185185185185185,0.4375,32.0,,,,,0.842375,0.28515625,0.225,0.47457627118644063,0.7065950662862897,0.7239651416122004,0.69275,282,0.8900709219858156,0.8900709219858156,0.8900709219858156,282,grid_search_MLP,"{'mlpc__hidden_layer_sizes': 3, 'mlpc__learning_rate_init': 0.01}",0.5185185185185185,0.4375,0.8859571135620593,0.8827855807413588,0.8900709219858156,282
0,0.9447619047619048,0.9018181818181819,0.992,250.0,,,,,0.25641025641025644,0.7142857142857143,0.15625,32.0,,,,,0.74325,0.1328125,0.525,0.25641025641025644,0.6005860805860807,0.8080519480519481,0.574125,282,0.8971631205673759,0.8971631205673759,0.8971631205673759,282,decision_tree,"{'dt__criterion': 'entropy', 'dt__max_depth': 6, 'dt__max_features': None, 'dt__min_samples_split': 70}",0.7142857142857143,0.15625,0.8666510794170369,0.8805379018144976,0.8971631205673759,282
0,0.9292929292929293,0.9387755102040817,0.92,250.0,,,,,0.4927536231884059,0.4594594594594595,0.53125,32.0,,,,,0.79975,0.296875,0.7000000000000001,0.4927536231884059,0.7110232762406676,0.6991174848317706,0.725625,282,0.875886524822695,0.875886524822695,0.875886524822695,282,naive_bayes,{'nb__alpha': 0.75},0.4594594594594595,0.53125,0.8797565541321324,0.8843850363607203,0.875886524822695,282
0,0.9554655870445343,0.9672131147540983,0.944,250.0,,,,,0.6857142857142857,0.631578947368421,0.75,32.0,,,,,0.924125,0.5859375,0.275,0.6857142857142857,0.82058993637941,0.7993960310612597,0.847,282,0.9219858156028369,0.9219858156028369,0.9219858156028369,282,logistic_regression,"{'lr__C': 29.763514416313132, 'lr__penalty': 'l1', 'lr__solver': 'liblinear'}",0.631578947368421,0.75,0.9248555102978395,0.9291269681004045,0.9219858156028369,282
0,0.8931623931623932,0.9587155963302753,0.836,250.0,,,,,0.4791666666666667,0.359375,0.71875,32.0,,,,,0.8607499999999999,0.23828125,0.1,0.4791666666666667,0.6861645299145299,0.6590452981651376,0.7773749999999999,282,0.8226950354609928,0.8226950354609929,0.8226950354609929,282,xgboost,,0.359375,0.71875,0.846184154694793,0.8907053158956341,0.8226950354609929,282
0,0.9439071566731141,0.9138576779026217,0.976,250.0,,,,,0.3829787234042553,0.6,0.28125,32.0,,,,,0.871125,0.2109375,0.5,0.3829787234042553,0.6634429400386848,0.7569288389513109,0.628625,282,0.8971631205673759,0.8971631205673759,0.8971631205673759,282,adaboost,,0.6,0.28125,0.8802557032525343,0.8782426222540972,0.8971631205673759,282
0,0.9450980392156862,0.926923076923077,0.964,250.0,,,,,0.4814814814814815,0.5909090909090909,0.40625,32.0,,,,,0.7909999999999999,0.30078125,0.2,0.4814814814814815,0.7132897603485839,0.758916083916084,0.685125,282,0.900709219858156,0.900709219858156,0.900709219858156,282,gradientboost,,0.5909090909090909,0.40625,0.8924890681252802,0.8887938302831919,0.900709219858156,282
0,0.9117647058823529,0.9601769911504425,0.868,250.0,,,,,0.5227272727272728,0.4107142857142857,0.71875,32.0,,,,,0.893,0.33203125,0.25,0.5227272727272728,0.7172459893048129,0.6854456384323642,0.7933749999999999,282,0.8510638297872339,0.851063829787234,0.851063829787234,282,ensemble,"dict_keys(['neural_net', 'dt', 'nb', 'logr'])",0.4107142857142857,0.71875,0.8676186141768119,0.8978266132286091,0.851063829787234,282
0,,,,,0.9264305177111717,0.9550561797752809,0.8994708994708994,378.0,,,,,0.6447368421052632,0.5632183908045977,0.7538461538461538,65.0,0.911965811965812,0.5346153846153846,0.2,0.6447368421052632,0.7855836799082174,0.7591372852899393,0.8266585266585267,443,0.8781038374717833,0.8781038374717833,0.8781038374717833,443,xgboost,,0.5632183908045977,0.7538461538461538,0.8850984885590631,0.8975630504680701,0.8781038374717833,443
0,,,,,0.9278350515463917,0.9045226130653267,0.9523809523809523,378.0,,,,,0.4909090909090909,0.6,0.4153846153846154,65.0,0.8831094831094831,0.31153846153846154,0.5,0.4909090909090909,0.7093720712277413,0.7522613065326633,0.6838827838827839,443,0.873589164785553,0.873589164785553,0.873589164785553,443,adaboost,,0.6,0.4153846153846154,0.8637262762835823,0.8598409655500983,0.873589164785553,443
0,,,,,0.8937329700272479,0.9213483146067416,0.8677248677248677,378.0,,,,,0.4868421052631578,0.42528735632183906,0.5692307692307692,65.0,0.7746438746438746,0.28076923076923077,0.2,0.4868421052631578,0.6902875376452029,0.6733178354642904,0.7184778184778184,443,0.8239277652370203,0.8239277652370203,0.8239277652370203,443,gradientboost,,0.42528735632183906,0.5692307692307692,0.834031150140869,0.8485628466868348,0.8239277652370203,443
0,,,,,0.9382391590013139,0.9321148825065274,0.9444444444444444,378.0,,,,,0.624,0.65,0.6,65.0,0.8436711436711436,0.47884615384615387,0.375,0.624,0.7811195795006569,0.7910574412532637,0.7722222222222221,443,0.8939051918735892,0.8939051918735892,0.8939051918735892,443,ensemble,"dict_keys(['neural_net', 'dt', 'nb', 'logr'])",0.65,0.6,0.89213183318848,0.890721050987511,0.8939051918735892,443
0,0.9195876288659793,0.9570815450643777,0.8849206349206349,252.0,,,,,0.5806451612903226,0.48214285714285715,0.7297297297297297,37.0,,,,,0.8791827541827542,0.4358108108108108,0.1,0.5806451612903226,0.750116395078151,0.7196122011036175,0.8073251823251824,289,0.8650519031141869,0.8650519031141869,0.8650519031141869,289,grid_search_MLP,"{'mlpc__hidden_layer_sizes': (3, 3), 'mlpc__learning_rate_init': 0.01}",0.48214285714285715,0.7297297297297297,0.8761936105258434,0.8962762459187158,0.8650519031141869,289
0,0.935672514619883,0.9195402298850575,0.9523809523809523,252.0,,,,,0.49230769230769234,0.5714285714285714,0.43243243243243246,37.0,,,,,0.8005684255684256,0.3108108108108108,0.45,0.49230769230769234,0.7139901034637877,0.7454844006568144,0.6924066924066924,289,0.8858131487889273,0.8858131487889274,0.8858131487889274,289,decision_tree,"{'dt__criterion': 'entropy', 'dt__max_depth': 6, 'dt__max_features': None, 'dt__min_samples_split': 70}",0.5714285714285714,0.43243243243243246,0.8789095442892565,0.8749723012937426,0.8858131487889274,289
0,0.8989690721649485,0.9356223175965666,0.8650793650793651,252.0,,,,,0.47311827956989244,0.39285714285714285,0.5945945945945946,37.0,,,,,0.7923637923637924,0.25,0.5750000000000001,0.47311827956989244,0.6860436758674204,0.6642397302268547,0.7298369798369799,289,0.8304498269896193,0.8304498269896193,0.8304498269896193,289,naive_bayes,{'nb__alpha': 0.75},0.39285714285714285,0.5945945945945946,0.8444483824555469,0.866133350588405,0.8304498269896193,289
0,0.9262295081967213,0.9576271186440678,0.8968253968253969,252.0,,,,,0.6,0.5094339622641509,0.7297297297297297,37.0,,,,,0.9085156585156584,0.46621621621621623,0.2,0.6,0.7631147540983607,0.7335305404541094,0.8132775632775633,289,0.8754325259515571,0.8754325259515571,0.8754325259515571,289,logistic_regression,"{'lr__C': 29.763514416313132, 'lr__penalty': 'l1', 'lr__solver': 'liblinear'}",0.5094339622641509,0.7297297297297297,0.8844631005729197,0.9002459878964659,0.8754325259515571,289
0,0.9322709163346613,0.936,0.9285714285714286,252.0,,,,,0.5526315789473685,0.5384615384615384,0.5675675675675675,37.0,,,,,0.8462569712569713,0.38513513513513514,0.225,0.5526315789473685,0.7424512476410149,0.7372307692307692,0.7480694980694981,289,0.8823529411764706,0.8823529411764706,0.8823529411764706,289,xgboost,,0.5384615384615384,0.5675675675675675,0.8836665721016861,0.8851040723981901,0.8823529411764706,289
0,0.9386973180076628,0.9074074074074074,0.9722222222222222,252.0,,,,,0.42857142857142855,0.631578947368421,0.32432432432432434,37.0,,,,,0.7999249249249248,0.2533783783783784,0.5,0.42857142857142855,0.6836343732895457,0.7694931773879142,0.6482732732732732,289,0.889273356401384,0.889273356401384,0.889273356401384,289,adaboost,,0.631578947368421,0.32432432432432434,0.8733870830279373,0.87209372913252,0.889273356401384,289
0,0.9341085271317829,0.9128787878787878,0.9563492063492064,252.0,,,,,0.4516129032258065,0.56,0.3783783783783784,37.0,,,,,0.7430823680823682,0.2668918918918919,0.17500000000000002,0.4516129032258065,0.6928607151787947,0.736439393939394,0.6673637923637924,289,0.8823529411764706,0.8823529411764706,0.8823529411764706,289,gradientboost,,0.56,0.3783783783783784,0.8723357309915715,0.8677005347593583,0.8823529411764706,289
0,0.9290060851926977,0.950207468879668,0.9087301587301587,252.0,,,,,0.5882352941176472,0.5208333333333334,0.6756756756756757,37.0,,,,,0.8711926211926212,0.44256756756756754,0.30000000000000004,0.5882352941176472,0.7586206896551724,0.7355204011065006,0.7922029172029172,289,0.8788927335640139,0.8788927335640139,0.8788927335640139,289,ensemble,"dict_keys(['neural_net', 'dt', 'nb', 'logr'])",0.5208333333333334,0.6756756756756757,0.8853779908336082,0.8952356937405178,0.8788927335640139,289
0,0.899795501022495,0.9565217391304348,0.8494208494208494,259.0,,,,,0.4235294117647059,0.3157894736842105,0.6428571428571429,28.0,,,,,0.8505239933811363,0.12053571428571429,0.375,0.4235294117647059,0.6616624563936004,0.6361556064073226,0.7461389961389961,287,0.8292682926829268,0.8292682926829268,0.8292682926829268,287,grid_search_MLP,"{'mlpc__hidden_layer_sizes': (3, 3), 'mlpc__learning_rate_init': 0.01}",0.3157894736842105,0.6428571428571429,0.8533305167046618,0.8940112742088521,0.8292682926829268,287
0,0.9348659003831419,0.9277566539923955,0.9420849420849421,259.0,,,,,0.3461538461538462,0.375,0.32142857142857145,28.0,,,,,0.7367622724765582,0.12053571428571429,0.375,0.3461538461538462,0.6405098732684941,0.6513783269961977,0.6317567567567568,287,0.8815331010452961,0.8815331010452961,0.8815331010452961,287,decision_tree,"{'dt__criterion': 'entropy', 'dt__max_depth': 6, 'dt__max_features': None, 'dt__min_samples_split': 70}",0.375,0.32142857142857145,0.8774305780193081,0.873829175554113,0.8815331010452961,287
0,0.9166666666666667,0.9428571428571428,0.8918918918918919,259.0,,,,,0.4,0.3333333333333333,0.5,28.0,,,,,0.7687534473248758,0.125,0.65,0.4,0.6583333333333334,0.638095238095238,0.6959459459459459,287,0.8536585365853658,0.8536585365853658,0.8536585365853658,287,naive_bayes,{'nb__alpha': 0.75},0.3333333333333333,0.5,0.8662601626016261,0.8833914053426248,0.8536585365853658,287
0,0.9301397205588822,0.9628099173553719,0.8996138996138996,259.0,,,,,0.5205479452054794,0.4222222222222222,0.6785714285714286,28.0,,,,,0.8527302813017099,0.33035714285714285,0.2,0.5205479452054794,0.7253438328821809,0.6925160697887971,0.7890926640926641,287,0.8780487804878049,0.8780487804878049,0.8780487804878049,287,logistic_regression,"{'lr__C': 29.763514416313132, 'lr__penalty': 'l1', 'lr__solver': 'liblinear'}",0.4222222222222222,0.6785714285714286,0.8901795473536722,0.9100696544155524,0.8780487804878049,287
0,0.9183673469387755,0.974025974025974,0.8687258687258688,259.0,,,,,0.5238095238095237,0.39285714285714285,0.7857142857142857,28.0,,,,,0.8557639271924986,0.33035714285714285,0.125,0.5238095238095237,0.7210884353741496,0.6834415584415584,0.8272200772200773,287,0.8606271777003485,0.8606271777003485,0.8606271777003485,287,xgboost,,0.39285714285714285,0.7857142857142857,0.8798739007798241,0.9173265758631611,0.8606271777003485,287
0,0.9413988657844992,0.9222222222222223,0.9613899613899614,259.0,,,,,0.3111111111111111,0.4117647058823529,0.25,28.0,,,,,0.8626585769442913,0.11607142857142858,0.5,0.3111111111111111,0.6262549884478051,0.6669934640522877,0.6056949806949807,287,0.89198606271777,0.89198606271777,0.89198606271777,287,adaboost,,0.4117647058823529,0.25,0.8799073775236809,0.8724214889207716,0.89198606271777,287
0,0.9130434782608696,0.9352226720647774,0.8918918918918919,259.0,,,,,0.3529411764705882,0.3,0.42857142857142855,28.0,,,,,0.8040540540540541,0.05357142857142857,0.15000000000000002,0.3529411764705882,0.632992327365729,0.6176113360323887,0.6602316602316602,287,0.8466898954703833,0.8466898954703833,0.8466898954703833,287,gradientboost,,0.3,0.42857142857142855,0.8583993512569397,0.8732497284487016,0.8466898954703833,287
0,0.9467680608365018,0.9325842696629213,0.9613899613899614,259.0,,,,,0.41666666666666663,0.5,0.35714285714285715,28.0,,,,,0.8445945945945945,0.22321428571428573,0.5750000000000001,0.41666666666666663,0.6817173637515842,0.7162921348314606,0.6592664092664092,287,0.9024390243902439,0.9024390243902439,0.9024390243902439,287,ensemble,"dict_keys(['neural_net', 'dt', 'nb', 'logr'])",0.5,0.35714285714285715,0.8950508516492007,0.8903809262811729,0.9024390243902439,287
0,0.9611829944547134,0.9252669039145908,1.0,260.0,,,,,0.32258064516129037,1.0,0.19230769230769232,26.0,,,,,0.7761834319526627,0.19230769230769232,0.17500000000000002,0.32258064516129037,0.6418818198080019,0.9626334519572954,0.5961538461538461,286,0.9265734265734266,0.9265734265734266,0.9265734265734266,286,grid_search_MLP,"{'mlpc__hidden_layer_sizes': (3, 3), 'mlpc__learning_rate_init': 0.01}",1.0,0.19230769230769232,0.9031282354280387,0.932060821740537,0.9265734265734266,286
0,0.9481481481481482,0.9142857142857143,0.9846153846153847,260.0,,,,,0.125,0.3333333333333333,0.07692307692307693,26.0,,,,,0.7513313609467456,0.019230769230769232,0.5750000000000001,0.125,0.5365740740740741,0.6238095238095238,0.5307692307692308,286,0.9020979020979021,0.9020979020979021,0.9020979020979021,286,decision_tree,"{'dt__criterion': 'entropy', 'dt__max_depth': 6, 'dt__max_features': None, 'dt__min_samples_split': 70}",0.3333333333333333,0.07692307692307693,0.8733164983164984,0.8614718614718614,0.9020979020979021,286
0,0.959409594095941,0.9219858156028369,1.0,260.0,,,,,0.2666666666666667,1.0,0.15384615384615385,26.0,,,,,0.7223372781065088,0.15384615384615385,0.9750000000000001,0.2666666666666667,0.6130381303813038,0.9609929078014184,0.5769230769230769,286,0.9230769230769231,0.9230769230769231,0.9230769230769231,286,naive_bayes,{'nb__alpha': 0.75},1.0,0.15384615384615385,0.8964329643296433,0.9290780141843972,0.9230769230769231,286
0,0.9469548133595286,0.9678714859437751,0.926923076923077,260.0,,,,,0.5714285714285714,0.4864864864864865,0.6923076923076923,26.0,,,,,0.904585798816568,0.4182692307692308,0.225,0.5714285714285714,0.75919169239405,0.7271789862151308,0.8096153846153846,286,0.9055944055944056,0.9055944055944056,0.9055944055944056,286,logistic_regression,"{'lr__C': 29.763514416313132, 'lr__penalty': 'l1', 'lr__solver': 'liblinear'}",0.4864864864864865,0.6923076923076923,0.9128160640930779,0.9241092132658398,0.9055944055944056,286
0,0.9061224489795918,0.9652173913043478,0.8538461538461538,260.0,,,,,0.4390243902439025,0.32142857142857145,0.6923076923076923,26.0,,,,,0.8520710059171598,0.14423076923076922,0.125,0.4390243902439025,0.6725734196117472,0.6433229813664596,0.773076923076923,286,0.8391608391608392,0.8391608391608392,0.8391608391608392,286,xgboost,,0.32142857142857145,0.6923076923076923,0.8636589890945292,0.9066911349520045,0.8391608391608392,286
0,0.9550561797752808,0.9306569343065694,0.9807692307692307,260.0,,,,,0.3684210526315789,0.5833333333333334,0.2692307692307692,26.0,,,,,0.8288461538461538,0.1971153846153846,0.5,0.3684210526315789,0.6617386162034299,0.7569951338199514,0.625,286,0.916083916083916,0.916083916083916,0.916083916083916,286,adaboost,,0.5833333333333334,0.2692307692307692,0.9017257136713079,0.8990820614908207,0.916083916083916,286
0,0.9218749999999999,0.9365079365079365,0.9076923076923077,260.0,,,,,0.33333333333333337,0.29411764705882354,0.38461538461538464,26.0,,,,,0.7717455621301775,0.038461538461538464,0.15000000000000002,0.33333333333333337,0.6276041666666666,0.61531279178338,0.6461538461538462,286,0.8601398601398601,0.8601398601398601,0.8601398601398601,286,gradientboost,,0.29411764705882354,0.38461538461538464,0.868371212121212,0.8781088192852899,0.8601398601398601,286
0,0.9509433962264151,0.9333333333333333,0.9692307692307692,260.0,,,,,0.380952380952381,0.5,0.3076923076923077,26.0,,,,,0.8371301775147929,0.19230769230769232,0.4,0.380952380952381,0.665947888589398,0.7166666666666667,0.6384615384615384,286,0.9090909090909091,0.9090909090909091,0.9090909090909091,286,ensemble,"dict_keys(['neural_net', 'dt', 'nb', 'logr'])",0.5,0.3076923076923077,0.8991260312015029,0.8939393939393939,0.9090909090909091,286
0,0.9459962756052142,0.8975265017667845,1.0,254.0,,,,,0.0,0.0,0.0,29.0,,,,,0.726038555525387,0.0,0.125,0.0,0.4729981378026071,0.44876325088339225,0.5,283,0.8975265017667845,0.8975265017667845,0.8975265017667845,283,grid_search_MLP,"{'mlpc__hidden_layer_sizes': (3, 3), 'mlpc__learning_rate_init': 0.01}",0.0,0.0,0.8490567279283547,0.8055538213737218,0.8975265017667845,283
0,0.9404990403071019,0.9176029962546817,0.9645669291338582,254.0,,,,,0.3111111111111111,0.4375,0.2413793103448276,29.0,,,,,0.7593673635623133,0.125,0.5,0.3111111111111111,0.6258050757091065,0.6775514981273408,0.6029731197393429,283,0.8904593639575972,0.8904593639575972,0.8904593639575972,283,decision_tree,"{'dt__criterion': 'entropy', 'dt__max_depth': 6, 'dt__max_features': None, 'dt__min_samples_split': 70}",0.4375,0.2413793103448276,0.8760034574566292,0.868405162716216,0.8904593639575972,283
0,0.9434697855750487,0.9343629343629344,0.952755905511811,254.0,,,,,0.4528301886792453,0.5,0.41379310344827586,29.0,,,,,0.778577246809666,0.25862068965517243,0.8500000000000001,0.4528301886792453,0.698149987127147,0.7171814671814671,0.6832745044800435,283,0.8975265017667845,0.8975265017667845,0.8975265017667845,283,naive_bayes,{'nb__alpha': 0.75},0.5,0.41379310344827586,0.8931922297094009,0.8898522449759199,0.8975265017667845,283
0,0.9358178053830227,0.9868995633187773,0.889763779527559,254.0,,,,,0.6265060240963856,0.48148148148148145,0.896551724137931,29.0,,,,,0.9504480043442844,0.5344827586206896,0.17500000000000002,0.6265060240963856,0.7811619147397042,0.7341905224001294,0.893157751832745,283,0.8904593639575972,0.8904593639575972,0.8904593639575972,283,logistic_regression,"{'lr__C': 29.763514416313132, 'lr__penalty': 'l1', 'lr__solver': 'liblinear'}",0.48148148148148145,0.896551724137931,0.9041215451098337,0.9351076044025881,0.8904593639575972,283
0,0.9446640316205533,0.9484126984126984,0.9409448818897638,254.0,,,,,0.5333333333333333,0.5161290322580645,0.5517241379310345,29.0,,,,,0.8980450719522128,0.3577586206896552,0.225,0.5333333333333333,0.7389986824769433,0.7322708653353814,0.7463345099103991,283,0.901060070671378,0.901060070671378,0.901060070671378,283,xgboost,,0.5161290322580645,0.5517241379310345,0.9025135360363506,0.9041150789127536,0.901060070671378,283
0,0.9423076923076922,0.9210526315789473,0.9645669291338582,254.0,,,,,0.34782608695652173,0.47058823529411764,0.27586206896551724,29.0,,,,,0.8755090958457779,0.15948275862068967,0.5,0.34782608695652173,0.645066889632107,0.6958204334365325,0.6202144990496877,283,0.8939929328621908,0.8939929328621908,0.8939929328621908,283,adaboost,,0.47058823529411764,0.27586206896551724,0.8813890825720598,0.8748919690621274,0.8939929328621908,283
0,0.935483870967742,0.9586776859504132,0.9133858267716536,254.0,,,,,0.5428571428571429,0.4634146341463415,0.6551724137931034,29.0,,,,,0.8374287265815911,0.3706896551724138,0.15000000000000002,0.5428571428571429,0.7391705069124425,0.7110461600483774,0.7842791202823785,283,0.8869257950530035,0.8869257950530035,0.8869257950530035,283,gradientboost,,0.4634146341463415,0.6551724137931034,0.8952500366383873,0.9079263484863918,0.8869257950530035,283
0,0.9551656920077972,0.9459459459459459,0.9645669291338582,254.0,,,,,0.5660377358490567,0.625,0.5172413793103449,29.0,,,,,0.8938365462937823,0.40086206896551724,0.375,0.5660377358490567,0.7606017139284269,0.785472972972973,0.7409041542221015,283,0.9187279151943463,0.9187279151943463,0.9187279151943463,283,ensemble,"dict_keys(['neural_net', 'dt', 'nb', 'logr'])",0.625,0.5172413793103449,0.9152903890798697,0.9130574921210963,0.9187279151943463,283
0,0.9344978165938864,0.9596412556053812,0.9106382978723404,235.0,,,,,0.5945945945945946,0.5116279069767442,0.7096774193548387,31.0,,,,,0.8730954015099519,0.45564516129032256,0.1,0.5945945945945946,0.7645462055942405,0.7356345812910627,0.8101578586135896,266,0.8872180451127819,0.8872180451127819,0.8872180451127819,266,grid_search_MLP,"{'mlpc__hidden_layer_sizes': (3, 3), 'mlpc__learning_rate_init': 0.01}",0.5116279069767442,0.7096774193548387,0.8948850350826908,0.9074291736223445,0.8872180451127819,266
0,0.9256900212314225,0.923728813559322,0.9276595744680851,235.0,,,,,0.4262295081967213,0.43333333333333335,0.41935483870967744,31.0,,,,,0.7529169526424159,0.21370967741935484,0.42500000000000004,0.4262295081967213,0.6759597647140719,0.6785310734463277,0.6735072065888813,266,0.868421052631579,0.868421052631579,0.868421052631579,266,decision_tree,"{'dt__criterion': 'entropy', 'dt__max_depth': 6, 'dt__max_features': None, 'dt__min_samples_split': 70}",0.43333333333333335,0.41935483870967744,0.8674822170807619,0.8665774606006541,0.868421052631579,266
0,0.9240780911062908,0.9424778761061947,0.9063829787234042,235.0,,,,,0.5070422535211268,0.45,0.5806451612903226,31.0,,,,,0.8126286890871653,0.31451612903225806,0.8,0.5070422535211268,0.7155601723137088,0.6962389380530973,0.7435140700068634,266,0.868421052631579,0.868421052631579,0.868421052631579,266,naive_bayes,{'nb__alpha': 0.75},0.45,0.5806451612903226,0.8754761701847116,0.8850838379133674,0.868421052631579,266
0,0.937365010799136,0.9517543859649122,0.9234042553191489,235.0,,,,,0.5797101449275363,0.5263157894736842,0.6451612903225806,31.0,,,,,0.8757721345229925,0.4274193548387097,0.275,0.5797101449275363,0.7585375778633361,0.7390350877192982,0.7842827728208648,266,0.8909774436090225,0.8909774436090225,0.8909774436090225,266,logistic_regression,"{'lr__C': 29.763514416313132, 'lr__penalty': 'l1', 'lr__solver': 'liblinear'}",0.5263157894736842,0.6451612903225806,0.8956834286862805,0.9021731961482654,0.8909774436090225,266
0,0.9401709401709402,0.944206008583691,0.9361702127659575,235.0,,,,,0.5625,0.5454545454545454,0.5806451612903226,31.0,,,,,0.8835964310226493,0.39919354838709675,0.25,0.5625,0.7513354700854701,0.7448302770191182,0.75840768702814,266,0.8947368421052632,0.8947368421052632,0.8947368421052632,266,xgboost,,0.5454545454545454,0.5806451612903226,0.8961566576698156,0.897734973406986,0.8947368421052632,266
0,0.9421487603305785,0.9156626506024096,0.9702127659574468,235.0,,,,,0.41666666666666663,0.5882352941176471,0.3225806451612903,31.0,,,,,0.7980782429649965,0.23790322580645162,0.5,0.41666666666666663,0.6794077134986225,0.7519489723600283,0.6463967055593686,266,0.8947368421052632,0.8947368421052632,0.8947368421052632,266,adaboost,,0.5882352941176471,0.3225806451612903,0.8809083659562128,0.8775038233429072,0.8947368421052632,266
0,0.9094827586206896,0.9213973799126638,0.8978723404255319,235.0,,,,,0.38235294117647056,0.35135135135135137,0.41935483870967744,31.0,,,,,0.8016472203157172,0.12903225806451613,0.15000000000000002,0.38235294117647056,0.64591784989858,0.6363743656320076,0.6586135895676046,266,0.8421052631578947,0.8421052631578947,0.8421052631578947,266,gradientboost,,0.35135135135135137,0.41935483870967744,0.8480503362869648,0.8549634442532628,0.8421052631578947,266
0,0.9234135667396061,0.9504504504504504,0.8978723404255319,235.0,,,,,0.5333333333333333,0.45454545454545453,0.6451612903225806,31.0,,,,,0.8715168153740563,0.3548387096774194,0.325,0.5333333333333333,0.7283734500364697,0.7024979524979524,0.7715168153740563,266,0.868421052631579,0.868421052631579,0.868421052631579,266,ensemble,"dict_keys(['neural_net', 'dt', 'nb', 'logr'])",0.45454545454545453,0.6451612903225806,0.8779530884103036,0.8926570110780637,0.868421052631579,266
0,,,,,0.9264305177111717,0.9550561797752809,0.8994708994708994,378.0,,,,,0.6447368421052632,0.5632183908045977,0.7538461538461538,65.0,0.911965811965812,0.5346153846153846,0.2,0.6447368421052632,0.7855836799082174,0.7591372852899393,0.8266585266585267,443,0.8781038374717833,0.8781038374717833,0.8781038374717833,443,xgboost,,0.5632183908045977,0.7538461538461538,0.8850984885590631,0.8975630504680701,0.8781038374717833,443
0,,,,,0.9278350515463917,0.9045226130653267,0.9523809523809523,378.0,,,,,0.4909090909090909,0.6,0.4153846153846154,65.0,0.8831094831094831,0.31153846153846154,0.5,0.4909090909090909,0.7093720712277413,0.7522613065326633,0.6838827838827839,443,0.873589164785553,0.873589164785553,0.873589164785553,443,adaboost,,0.6,0.4153846153846154,0.8637262762835823,0.8598409655500983,0.873589164785553,443
0,,,,,0.8949522510231923,0.923943661971831,0.8677248677248677,378.0,,,,,0.49673202614379086,0.4318181818181818,0.5846153846153846,65.0,0.8002442002442003,0.29615384615384616,0.2,0.49673202614379086,0.6958421385834916,0.6778809218950064,0.7261701261701261,443,0.8261851015801355,0.8261851015801355,0.8261851015801355,443,gradientboost,,0.4318181818181818,0.5846153846153846,0.8365226469212486,0.8517356344097831,0.8261851015801355,443
0,,,,,0.9385620915032681,0.9276485788113695,0.9497354497354498,378.0,,,,,0.6115702479338843,0.6607142857142857,0.5692307692307692,65.0,0.8426536426536427,0.4596153846153846,0.45,0.6115702479338843,0.7750661697185761,0.7941814322628276,0.7594831094831095,443,0.8939051918735892,0.8939051918735892,0.8939051918735892,443,ensemble,"dict_keys(['neural_net', 'dt', 'nb', 'logr'])",0.6607142857142857,0.5692307692307692,0.890583604297828,0.8884821475443031,0.8939051918735892,443
0,0.9203187250996016,0.924,0.9166666666666666,252.0,,,,,0.33333333333333337,0.3225806451612903,0.3448275862068966,29.0,,,,,0.756568144499179,0.07327586206896551,0.125,0.33333333333333337,0.6268260292164675,0.6232903225806452,0.6307471264367817,281,0.8576512455516013,0.8576512455516014,0.8576512455516014,281,grid_search_MLP,"{'mlpc__hidden_layer_sizes': (5, 5), 'mlpc__learning_rate_init': 0.001}",0.3225806451612903,0.3448275862068966,0.8597401615365348,0.8619318103547239,0.8576512455516014,281
0,0.9149797570850201,0.9338842975206612,0.8968253968253969,252.0,,,,,0.38235294117647056,0.3333333333333333,0.4482758620689655,29.0,,,,,0.8144499178981939,0.11206896551724138,0.25,0.38235294117647056,0.6486663491307454,0.6336088154269972,0.6725506294471812,281,0.8505338078291816,0.8505338078291815,0.8505338078291815,281,decision_tree,"{'dt__criterion': 'entropy', 'dt__max_depth': 6, 'dt__max_features': None, 'dt__min_samples_split': 70}",0.3333333333333333,0.4482758620689655,0.8600111533079812,0.8719057282628941,0.8505338078291815,281
0,0.9304174950298212,0.9322709163346613,0.9285714285714286,252.0,,,,,0.4067796610169491,0.4,0.41379310344827586,29.0,,,,,0.8186918445539135,0.1810344827586207,0.8500000000000001,0.4067796610169491,0.6685985780233852,0.6661354581673307,0.6711822660098522,281,0.8754448398576512,0.8754448398576512,0.8754448398576512,281,naive_bayes,{'nb__alpha': 0.75},0.4,0.41379310344827586,0.8763765797758236,0.8773390424068849,0.8754448398576512,281
0,0.956,0.9637096774193549,0.9484126984126984,252.0,,,,,0.6451612903225807,0.6060606060606061,0.6896551724137931,29.0,,,,,0.9036672140120415,0.521551724137931,0.275,0.6451612903225807,0.8005806451612903,0.7848851417399805,0.8190339354132458,281,0.9217081850533808,0.9217081850533808,0.9217081850533808,281,logistic_regression,"{'lr__C': 11.288378916846883, 'lr__penalty': 'l1', 'lr__solver': 'liblinear'}",0.6060606060606061,0.6896551724137931,0.923920560211227,0.9267992750371352,0.9217081850533808,281
0,0.9268292682926829,0.95,0.9047619047619048,252.0,,,,,0.48571428571428565,0.4146341463414634,0.5862068965517241,29.0,,,,,0.875752599890531,0.27586206896551724,0.2,0.48571428571428565,0.7062717770034843,0.6823170731707316,0.7454844006568144,281,0.8718861209964412,0.8718861209964412,0.8718861209964412,281,xgboost,,0.4146341463414634,0.5862068965517241,0.8813049462472254,0.8947487197291901,0.8718861209964412,281
0,0.9393346379647749,0.9266409266409267,0.9523809523809523,252.0,,,,,0.39215686274509803,0.45454545454545453,0.3448275862068966,29.0,,,,,0.8793103448275862,0.1896551724137931,0.5,0.39215686274509803,0.6657457503549364,0.6905931905931906,0.6486042692939245,281,0.8896797153024911,0.8896797153024911,0.8896797153024911,281,adaboost,,0.45454545454545453,0.3448275862068966,0.8828643337606089,0.8779193298766252,0.8896797153024911,281
0,0.9183673469387754,0.9453781512605042,0.8928571428571429,252.0,,,,,0.4444444444444444,0.37209302325581395,0.5517241379310345,29.0,,,,,0.8505062944718117,0.2025862068965517,0.15000000000000002,0.4444444444444444,0.6814058956916099,0.6587355872581591,0.7222906403940887,281,0.8576512455516013,0.8576512455516014,0.8576512455516014,281,gradientboost,,0.37209302325581395,0.5517241379310345,0.869457154154663,0.8862134939219418,0.8576512455516014,281
0,0.9527559055118109,0.9453125,0.9603174603174603,252.0,,,,,0.5555555555555556,0.6,0.5172413793103449,29.0,,,,,0.8875205254515599,0.3879310344827586,0.4,0.5555555555555556,0.7541557305336832,0.77265625,0.7387794198139026,281,0.914590747330961,0.9145907473309609,0.9145907473309609,281,ensemble,"dict_keys(['neural_net', 'dt', 'nb', 'logr'])",0.6,0.5172413793103449,0.9117636985768236,0.9096752669039146,0.9145907473309609,281
0,0.9367588932806324,0.9294117647058824,0.9442231075697212,251.0,,,,,0.4074074074074074,0.44,0.3793103448275862,29.0,,,,,0.7866465173787609,0.19827586206896552,0.07500000000000001,0.4074074074074074,0.6720831503440199,0.6847058823529412,0.6617667261986537,280,0.8857142857142857,0.8857142857142857,0.8857142857142857,280,grid_search_MLP,"{'mlpc__hidden_layer_sizes': (5, 5), 'mlpc__learning_rate_init': 0.001}",0.44,0.3793103448275862,0.8819332036723342,0.8787226890756302,0.8857142857142857,280
0,0.9255533199195171,0.9349593495934959,0.9163346613545816,251.0,,,,,0.41269841269841273,0.38235294117647056,0.4482758620689655,29.0,,,,,0.7472180244539085,0.17672413793103448,0.25,0.41269841269841273,0.6691258663089649,0.6586561453849833,0.6823052617117735,280,0.8678571428571429,0.8678571428571429,0.8678571428571429,280,decision_tree,"{'dt__criterion': 'entropy', 'dt__max_depth': 6, 'dt__max_features': None, 'dt__min_samples_split': 70}",0.38235294117647056,0.4482758620689655,0.8724362045287599,0.8777251144360183,0.8678571428571429,280
0,0.937007874015748,0.9260700389105059,0.9482071713147411,251.0,,,,,0.38461538461538464,0.43478260869565216,0.3448275862068966,29.0,,,,,0.7479049319961533,0.17672413793103448,0.7250000000000001,0.38461538461538464,0.6608116293155664,0.680426323803079,0.6465173787608188,280,0.8857142857142857,0.8857142857142857,0.8857142857142857,280,naive_bayes,{'nb__alpha': 0.75},0.43478260869565216,0.3448275862068966,0.8797957947564248,0.8751866979239674,0.8857142857142857,280
0,0.9316770186335405,0.9698275862068966,0.896414342629482,251.0,,,,,0.5714285714285715,0.4583333333333333,0.7586206896551724,29.0,,,,,0.9093282044236846,0.4224137931034483,0.17500000000000002,0.5714285714285715,0.751552795031056,0.7140804597701149,0.8275175161423272,280,0.8821428571428571,0.8821428571428571,0.8821428571428571,280,logistic_regression,"{'lr__C': 11.288378916846883, 'lr__penalty': 'l1', 'lr__solver': 'liblinear'}",0.4583333333333333,0.7586206896551724,0.894365572315883,0.9168513957307062,0.8821428571428571,280
0,0.9496124031007752,0.9245283018867925,0.9760956175298805,251.0,,,,,0.4090909090909091,0.6,0.3103448275862069,29.0,,,,,0.8301964555570821,0.23275862068965517,0.45,0.4090909090909091,0.6793516560958421,0.7622641509433963,0.6432202225580437,280,0.9071428571428571,0.9071428571428571,0.9071428571428571,280,xgboost,,0.6,0.3103448275862069,0.8936298197926106,0.8909164420485175,0.9071428571428571,280
0,0.9351669941060905,0.9224806201550387,0.9482071713147411,251.0,,,,,0.35294117647058826,0.4090909090909091,0.3103448275862069,29.0,,,,,0.8179695013051244,0.14224137931034483,0.5,0.35294117647058826,0.6440540852883394,0.6657857646229739,0.629275999450474,280,0.8821428571428571,0.8821428571428571,0.8821428571428571,280,adaboost,,0.4090909090909091,0.3103448275862069,0.8748650344224136,0.8693081143662539,0.8821428571428571,280
0,0.937007874015748,0.9260700389105059,0.9482071713147411,251.0,,,,,0.38461538461538464,0.43478260869565216,0.3448275862068966,29.0,,,,,0.7917296331913724,0.17672413793103448,0.17500000000000002,0.38461538461538464,0.6608116293155664,0.680426323803079,0.6465173787608188,280,0.8857142857142857,0.8857142857142857,0.8857142857142857,280,gradientboost,,0.43478260869565216,0.3448275862068966,0.8797957947564248,0.8751866979239674,0.8857142857142857,280
0,0.9442231075697212,0.9442231075697212,0.9442231075697212,251.0,,,,,0.5172413793103449,0.5172413793103449,0.5172413793103449,29.0,,,,,0.8628932545679352,0.33620689655172414,0.325,0.5172413793103449,0.730732243440033,0.730732243440033,0.730732243440033,280,0.9,0.9,0.9,280,ensemble,"dict_keys(['neural_net', 'dt', 'nb', 'logr'])",0.5172413793103449,0.5172413793103449,0.9,0.9,0.9,280
0,0.9139344262295082,0.8991935483870968,0.9291666666666667,240.0,,,,,0.36363636363636365,0.41379310344827586,0.32432432432432434,37.0,,,,,0.7772522522522523,0.15202702702702703,0.17500000000000002,0.36363636363636365,0.6387853949329358,0.6564933259176863,0.6267454954954955,277,0.8483754512635379,0.8483754512635379,0.8483754512635379,277,grid_search_MLP,"{'mlpc__hidden_layer_sizes': (5, 5), 'mlpc__learning_rate_init': 0.001}",0.41379310344827586,0.32432432432432434,0.8404289088434204,0.8343566658501425,0.8483754512635379,277
0,0.923076923076923,0.8976377952755905,0.95,240.0,,,,,0.3666666666666667,0.4782608695652174,0.2972972972972973,37.0,,,,,0.7124436936936938,0.17567567567567569,0.275,0.3666666666666667,0.6448717948717948,0.687949332420404,0.6236486486486487,277,0.8628158844765343,0.8628158844765343,0.8628158844765343,277,decision_tree,"{'dt__criterion': 'entropy', 'dt__max_depth': 6, 'dt__max_features': None, 'dt__min_samples_split': 70}",0.4782608695652174,0.2972972972972973,0.8487549754697769,0.8416199387727609,0.8628158844765343,277
0,0.9240246406570842,0.9109311740890689,0.9375,240.0,,,,,0.4477611940298507,0.5,0.40540540540540543,37.0,,,,,0.8054054054054054,0.2533783783783784,0.875,0.4477611940298507,0.6858929173434675,0.7054655870445344,0.6714527027027027,277,0.8664259927797834,0.8664259927797834,0.8664259927797834,277,naive_bayes,{'nb__alpha': 0.75},0.5,0.40540540540540543,0.8604082235985729,0.8560414504742836,0.8664259927797834,277
0,0.9253731343283581,0.9475982532751092,0.9041666666666667,240.0,,,,,0.5882352941176472,0.5208333333333334,0.6756756756756757,37.0,,,,,0.89740990990991,0.44256756756756754,0.2,0.5882352941176472,0.7568042142230027,0.7342157933042213,0.7899211711711711,277,0.8736462093862816,0.8736462093862816,0.8736462093862816,277,logistic_regression,"{'lr__C': 11.288378916846883, 'lr__penalty': 'l1', 'lr__solver': 'liblinear'}",0.5208333333333334,0.6756756756756757,0.8803402820258444,0.8905935527774713,0.8736462093862816,277
0,0.8939051918735891,0.9753694581280788,0.825,240.0,,,,,0.5765765765765767,0.43243243243243246,0.8648648648648649,37.0,,,,,0.9132882882882883,0.4391891891891892,0.07500000000000001,0.5765765765765767,0.7352408842250828,0.7039009452802556,0.8449324324324324,277,0.8303249097472925,0.8303249097472925,0.8303249097472925,277,xgboost,,0.43243243243243246,0.8648648648648649,0.8515183371227246,0.9028471839376857,0.8303249097472925,277
0,0.9365079365079364,0.8939393939393939,0.9833333333333333,240.0,,,,,0.36000000000000004,0.6923076923076923,0.24324324324324326,37.0,,,,,0.7063063063063062,0.20270270270270271,0.5,0.36000000000000004,0.6482539682539682,0.793123543123543,0.6132882882882883,277,0.8844765342960289,0.8844765342960289,0.8844765342960289,277,adaboost,,0.6923076923076923,0.24324324324324326,0.859501461234313,0.8670066395698164,0.8844765342960289,277
0,0.9017094017094017,0.9254385964912281,0.8791666666666667,240.0,,,,,0.46511627906976744,0.40816326530612246,0.5405405405405406,37.0,,,,,0.8202702702702703,0.24662162162162163,0.125,0.46511627906976744,0.6834128403895846,0.6668009308986753,0.7098536036036036,277,0.8339350180505415,0.8339350180505415,0.8339350180505415,277,gradientboost,,0.40816326530612246,0.5405405405405406,0.8433919087936383,0.8563440576686688,0.8339350180505415,277
0,0.9201680672268906,0.9279661016949152,0.9125,240.0,,,,,0.5128205128205128,0.4878048780487805,0.5405405405405406,37.0,,,,,0.8712837837837838,0.3277027027027027,0.325,0.5128205128205128,0.7164942900237017,0.7078854898718479,0.7265202702702702,277,0.8628158844765343,0.8628158844765343,0.8628158844765343,277,ensemble,"dict_keys(['neural_net', 'dt', 'nb', 'logr'])",0.4878048780487805,0.5405405405405406,0.8657570220534755,0.869172003229547,0.8628158844765343,277
0,0.9422718808193669,0.8908450704225352,1.0,253.0,,,,,0.0,0.0,0.0,31.0,,,,,0.5601173020527859,0.0,0.5,0.0,0.47113594040968343,0.4454225352112676,0.5,284,0.8908450704225352,0.8908450704225352,0.8908450704225352,284,grid_search_MLP,"{'mlpc__hidden_layer_sizes': (5, 5), 'mlpc__learning_rate_init': 0.001}",0.0,0.0,0.8394182600257036,0.7936049394961318,0.8908450704225352,284
0,0.9429657794676807,0.9084249084249084,0.9802371541501976,253.0,,,,,0.2857142857142857,0.5454545454545454,0.1935483870967742,31.0,,,,,0.6672191763355859,0.13306451612903225,0.525,0.2857142857142857,0.6143400325909831,0.7269397269397269,0.5868927706234859,284,0.8943661971830986,0.8943661971830986,0.8943661971830986,284,decision_tree,"{'dt__criterion': 'entropy', 'dt__max_depth': 6, 'dt__max_features': None, 'dt__min_samples_split': 70}",0.5454545454545454,0.1935483870967742,0.8712235389523454,0.8688049040161716,0.8943661971830986,284
0,0.9254901960784313,0.9182879377431906,0.932806324110672,253.0,,,,,0.3448275862068965,0.37037037037037035,0.3225806451612903,31.0,,,,,0.7135024862935101,0.11693548387096774,0.8250000000000001,0.3448275862068965,0.6351588911426639,0.6443291540567805,0.6276934846359812,284,0.8661971830985915,0.8661971830985915,0.8661971830985915,284,naive_bayes,{'nb__alpha': 0.75},0.37037037037037035,0.3225806451612903,0.862108009789637,0.8584800342623546,0.8661971830985915,284
0,0.9448818897637795,0.9411764705882353,0.9486166007905138,253.0,,,,,0.5333333333333333,0.5517241379310345,0.5161290322580645,31.0,,,,,0.8356496238684177,0.3588709677419355,0.30000000000000004,0.5333333333333333,0.7391076115485564,0.7464503042596349,0.7323728165242891,284,0.9014084507042254,0.9014084507042254,0.9014084507042254,284,logistic_regression,"{'lr__C': 11.288378916846883, 'lr__penalty': 'l1', 'lr__solver': 'liblinear'}",0.5517241379310345,0.5161290322580645,0.8999593360689069,0.8986658286432592,0.9014084507042254,284
0,0.9364161849710982,0.9135338345864662,0.9604743083003953,253.0,,,,,0.32653061224489793,0.4444444444444444,0.25806451612903225,31.0,,,,,0.753538186918271,0.13709677419354838,0.4,0.32653061224489793,0.6314733986079981,0.6789891395154553,0.6092694122147138,284,0.8838028169014085,0.8838028169014085,0.8838028169014085,284,xgboost,,0.4444444444444444,0.25806451612903225,0.8698441682298581,0.8623304152399779,0.8838028169014085,284
0,0.9289827255278311,0.9029850746268657,0.9565217391304348,253.0,,,,,0.2127659574468085,0.3125,0.16129032258064516,31.0,,,,,0.6737217901313274,0.028225806451612902,0.5,0.2127659574468085,0.5708743414873199,0.6077425373134329,0.55890603085554,284,0.8697183098591549,0.8697183098591549,0.8697183098591549,284,adaboost,,0.3125,0.16129032258064516,0.8508041346457476,0.8385307178894261,0.8697183098591549,284
0,0.9473684210526315,0.9032258064516129,0.9960474308300395,253.0,,,,,0.2222222222222222,0.8,0.12903225806451613,31.0,,,,,0.7042585745250541,0.11693548387096774,0.275,0.2222222222222222,0.5847953216374269,0.8516129032258064,0.5625398444472778,284,0.9014084507042254,0.9014084507042254,0.9014084507042254,284,gradientboost,,0.8,0.12903225806451613,0.8682151387859319,0.8919582008178101,0.9014084507042254,284
0,0.9447619047619048,0.9117647058823529,0.9802371541501976,253.0,,,,,0.3255813953488372,0.5833333333333334,0.22580645161290322,31.0,,,,,0.7898763228356496,0.16532258064516128,0.55,0.3255813953488372,0.635171650055371,0.7475490196078431,0.6030218028815504,284,0.897887323943662,0.897887323943662,0.897887323943662,284,ensemble,"dict_keys(['neural_net', 'dt', 'nb', 'logr'])",0.5833333333333334,0.22580645161290322,0.8771752998611826,0.8759148025407346,0.897887323943662,284
0,0.9491525423728814,0.9438202247191011,0.9545454545454546,264.0,,,,,0.4255319148936171,0.45454545454545453,0.4,25.0,,,,,0.7362121212121212,0.22,0.1,0.4255319148936171,0.6873422286332492,0.6991828396322778,0.6772727272727272,289,0.9065743944636678,0.9065743944636678,0.9065743944636678,289,grid_search_MLP,"{'mlpc__hidden_layer_sizes': (5, 5), 'mlpc__learning_rate_init': 0.001}",0.45454545454545453,0.4,0.9038566403418032,0.9014954176106542,0.9065743944636678,289
0,0.9595588235294118,0.9321428571428572,0.9886363636363636,264.0,,,,,0.3529411764705882,0.6666666666666666,0.24,25.0,,,,,0.8193939393939393,0.195,0.47500000000000003,0.3529411764705882,0.65625,0.799404761904762,0.6143181818181818,289,0.9238754325259516,0.9238754325259516,0.9238754325259516,289,decision_tree,"{'dt__criterion': 'entropy', 'dt__max_depth': 6, 'dt__max_features': None, 'dt__min_samples_split': 70}",0.6666666666666666,0.24,0.9070832485243233,0.9091777887625639,0.9238754325259516,289
0,0.9568480300187618,0.9479553903345725,0.9659090909090909,264.0,,,,,0.48888888888888893,0.55,0.44,25.0,,,,,0.7901515151515153,0.305,0.9,0.48888888888888893,0.7228684594538254,0.7489776951672863,0.7029545454545455,289,0.9204152249134949,0.9204152249134948,0.9204152249134948,289,naive_bayes,{'nb__alpha': 0.75},0.55,0.44,0.9163671354573542,0.9135301835582256,0.9204152249134948,289
0,0.9503816793893131,0.9576923076923077,0.9431818181818182,264.0,,,,,0.5185185185185185,0.4827586206896552,0.56,25.0,,,,,0.8836363636363637,0.335,0.4,0.5185185185185185,0.7344500989539158,0.7202254641909814,0.7515909090909092,289,0.9100346020761245,0.9100346020761245,0.9100346020761245,289,logistic_regression,"{'lr__C': 11.288378916846883, 'lr__penalty': 'l1', 'lr__solver': 'liblinear'}",0.4827586206896552,0.56,0.9130232744696942,0.9166080787128396,0.9100346020761245,289
0,0.9483747609942639,0.9575289575289575,0.9393939393939394,264.0,,,,,0.509090909090909,0.4666666666666667,0.56,25.0,,,,,0.8621212121212122,0.32,0.275,0.509090909090909,0.7287328350425865,0.7120978120978121,0.7496969696969698,289,0.9065743944636678,0.9065743944636678,0.9065743944636678,289,xgboost,,0.4666666666666667,0.56,0.9103744277846312,0.915066821641216,0.9065743944636678,289
0,0.9532710280373833,0.940959409594096,0.9659090909090909,264.0,,,,,0.41860465116279066,0.5,0.36,25.0,,,,,0.780151515151515,0.225,0.5,0.41860465116279066,0.685937839600087,0.7204797047970479,0.6629545454545455,289,0.9134948096885813,0.9134948096885813,0.9134948096885813,289,adaboost,,0.5,0.36,0.90701961135273,0.9028141319475479,0.9134948096885813,289
0,0.9532710280373833,0.940959409594096,0.9659090909090909,264.0,,,,,0.41860465116279066,0.5,0.36,25.0,,,,,0.8434848484848485,0.225,0.225,0.41860465116279066,0.685937839600087,0.7204797047970479,0.6629545454545455,289,0.9134948096885813,0.9134948096885813,0.9134948096885813,289,gradientboost,,0.5,0.36,0.90701961135273,0.9028141319475479,0.9134948096885813,289
0,0.9721706864564007,0.9527272727272728,0.9924242424242424,264.0,,,,,0.6153846153846153,0.8571428571428571,0.48,25.0,,,,,0.8798484848484849,0.45,0.47500000000000003,0.6153846153846153,0.793777650920508,0.9049350649350649,0.7362121212121212,289,0.9480968858131488,0.9480968858131488,0.9480968858131488,289,ensemble,"dict_keys(['neural_net', 'dt', 'nb', 'logr'])",0.8571428571428571,0.48,0.9413068394778724,0.9444587246663371,0.9480968858131488,289
0,,,,,0.9264305177111717,0.9550561797752809,0.8994708994708994,378.0,,,,,0.6447368421052632,0.5632183908045977,0.7538461538461538,65.0,0.911965811965812,0.5346153846153846,0.2,0.6447368421052632,0.7855836799082174,0.7591372852899393,0.8266585266585267,443,0.8781038374717833,0.8781038374717833,0.8781038374717833,443,xgboost,,0.5632183908045977,0.7538461538461538,0.8850984885590631,0.8975630504680701,0.8781038374717833,443
0,,,,,0.9278350515463917,0.9045226130653267,0.9523809523809523,378.0,,,,,0.4909090909090909,0.6,0.4153846153846154,65.0,0.8831094831094831,0.31153846153846154,0.5,0.4909090909090909,0.7093720712277413,0.7522613065326633,0.6838827838827839,443,0.873589164785553,0.873589164785553,0.873589164785553,443,adaboost,,0.6,0.4153846153846154,0.8637262762835823,0.8598409655500983,0.873589164785553,443
0,,,,,0.9129852744310575,0.924119241192412,0.9021164021164021,378.0,,,,,0.5323741007194245,0.5,0.5692307692307692,65.0,0.8291208791208791,0.3557692307692308,0.2,0.5323741007194245,0.722679687575241,0.712059620596206,0.7356735856735857,443,0.8532731376975169,0.8532731376975169,0.8532731376975169,443,gradientboost,,0.5,0.5692307692307692,0.8571393911550843,0.8618895556901393,0.8532731376975169,443
0,,,,,0.9387222946544981,0.9254498714652957,0.9523809523809523,378.0,,,,,0.6050420168067226,0.6666666666666666,0.5538461538461539,65.0,0.8402930402930403,0.45,0.42500000000000004,0.6050420168067226,0.7718821557306104,0.7960582690659812,0.7531135531135531,443,0.8939051918735892,0.8939051918735892,0.8939051918735892,443,ensemble,"dict_keys(['neural_net', 'dt', 'nb', 'logr'])",0.6666666666666666,0.5538461538461539,0.8897624344736733,0.8874794238086119,0.8939051918735892,443
0,0.9576427255985267,0.9285714285714286,0.9885931558935361,263.0,,,,,0.30303030303030304,0.625,0.2,25.0,,,,,0.7460076045627376,0.155,0.30000000000000004,0.30303030303030304,0.6303365143144148,0.7767857142857143,0.594296577946768,288,0.9201388888888888,0.9201388888888888,0.9201388888888888,288,grid_search_MLP,"{'mlpc__hidden_layer_sizes': (5, 5), 'mlpc__learning_rate_init': 0.001}",0.625,0.2,0.900818730583924,0.9022197420634921,0.9201388888888888,288
0,0.9523809523809524,0.9187279151943463,0.9885931558935361,263.0,,,,,0.13333333333333333,0.4,0.08,25.0,,,,,0.7354372623574145,0.035,0.55,0.13333333333333333,0.5428571428571429,0.6593639575971731,0.5342965779467681,288,0.9097222222222222,0.9097222222222222,0.9097222222222222,288,decision_tree,"{'dt__criterion': 'entropy', 'dt__max_depth': 6, 'dt__max_features': None, 'dt__min_samples_split': 70}",0.4,0.08,0.8812830687830688,0.8736994503337259,0.9097222222222222,288
0,0.9440298507462687,0.9267399267399268,0.9619771863117871,263.0,,,,,0.25,0.3333333333333333,0.2,25.0,,,,,0.6830418250950571,0.05,0.9500000000000001,0.25,0.5970149253731343,0.63003663003663,0.5809885931558936,288,0.8958333333333334,0.8958333333333334,0.8958333333333334,288,naive_bayes,{'nb__alpha': 0.75},0.3333333333333333,0.2,0.8837842039800995,0.8752289377289377,0.8958333333333334,288
0,0.9359223300970873,0.9563492063492064,0.9163498098859315,263.0,,,,,0.45901639344262296,0.3888888888888889,0.56,25.0,,,,,0.8381749049429658,0.23,0.275,0.45901639344262296,0.6974693617698551,0.6726190476190477,0.7381749049429658,288,0.8854166666666666,0.8854166666666666,0.8854166666666666,288,logistic_regression,"{'lr__C': 29.763514416313132, 'lr__penalty': 'l1', 'lr__solver': 'liblinear'}",0.3888888888888889,0.56,0.8945242453180539,0.9070904982363316,0.8854166666666666,288
0,0.924901185770751,0.9629629629629629,0.8897338403041825,263.0,,,,,0.4571428571428572,0.35555555555555557,0.64,25.0,,,,,0.8442585551330798,0.205,0.15000000000000002,0.4571428571428572,0.6910220214568041,0.6592592592592592,0.7648669201520912,288,0.8680555555555556,0.8680555555555556,0.8680555555555556,288,xgboost,,0.35555555555555557,0.64,0.8842971641884685,0.9102366255144033,0.8680555555555555,288
0,0.937381404174573,0.9356060606060606,0.9391634980988594,263.0,,,,,0.32653061224489793,0.3333333333333333,0.32,25.0,,,,,0.788745247148289,0.08,0.5,0.32653061224489793,0.6319560082097355,0.6344696969696969,0.6295817490494297,288,0.8854166666666666,0.8854166666666666,0.8854166666666666,288,adaboost,,0.3333333333333333,0.32,0.8843561618195666,0.8833254419191919,0.8854166666666666,288
0,0.9481481481481481,0.924187725631769,0.973384030418251,263.0,,,,,0.2222222222222222,0.36363636363636365,0.16,25.0,,,,,0.7685931558935362,0.055,0.25,0.2222222222222222,0.5851851851851851,0.6439120446340663,0.5666920152091255,288,0.9027777777777778,0.9027777777777778,0.9027777777777778,288,gradientboost,,0.36363636363636365,0.16,0.885133744855967,0.8755287532363345,0.9027777777777778,288
0,0.9595588235294119,0.9288256227758007,0.9923954372623575,263.0,,,,,0.3125,0.7142857142857143,0.2,25.0,,,,,0.8155133079847908,0.17,0.5750000000000001,0.3125,0.636029411764706,0.8215556685307575,0.5961977186311788,288,0.9236111111111112,0.9236111111111112,0.9236111111111112,288,ensemble,"dict_keys(['neural_net', 'dt', 'nb', 'logr'])",0.7142857142857143,0.2,0.9033905228758172,0.9102023668304806,0.9236111111111112,288
0,0.951310861423221,0.9169675090252708,0.9883268482490273,257.0,,,,,0.38095238095238093,0.7272727272727273,0.25806451612903225,31.0,,,,,0.7134429521777331,0.2217741935483871,0.225,0.38095238095238093,0.666131621187801,0.822120118148999,0.6231956821890298,288,0.9097222222222222,0.9097222222222222,0.9097222222222222,288,grid_search_MLP,"{'mlpc__hidden_layer_sizes': (5, 5), 'mlpc__learning_rate_init': 0.001}",0.7272727272727273,0.25806451612903225,0.8899181083169848,0.8965489734894069,0.9097222222222222,288
0,0.9348659003831418,0.9207547169811321,0.9494163424124513,257.0,,,,,0.37037037037037035,0.43478260869565216,0.3225806451612903,31.0,,,,,0.736161666875863,0.16532258064516128,0.4,0.37037037037037035,0.6526181353767561,0.6777686628383921,0.6359984937868708,288,0.8819444444444444,0.8819444444444444,0.8819444444444444,288,decision_tree,"{'dt__criterion': 'entropy', 'dt__max_depth': 6, 'dt__max_features': None, 'dt__min_samples_split': 70}",0.43478260869565216,0.3225806451612903,0.8741042287498225,0.8684452192142922,0.8819444444444444,288
0,0.947565543071161,0.9133574007220217,0.9844357976653697,257.0,,,,,0.3333333333333333,0.6363636363636364,0.22580645161290322,31.0,,,,,0.7305133676415213,0.1774193548387097,0.9500000000000001,0.3333333333333333,0.6404494382022472,0.774860518542829,0.6051211246391365,288,0.9027777777777778,0.9027777777777778,0.9027777777777778,288,naive_bayes,{'nb__alpha': 0.75},0.6363636363636364,0.22580645161290322,0.8814502704952143,0.8835420996973343,0.9027777777777778,288
0,0.9481765834932822,0.9356060606060606,0.9610894941634242,257.0,,,,,0.509090909090909,0.5833333333333334,0.45161290322580644,31.0,,,,,0.8673277268733526,0.33064516129032256,0.4,0.509090909090909,0.7286337462920955,0.759469696969697,0.7063511986946153,288,0.90625,0.90625,0.90625,288,logistic_regression,"{'lr__C': 29.763514416313132, 'lr__penalty': 'l1', 'lr__solver': 'liblinear'}",0.5833333333333334,0.45161290322580644,0.9009138893735822,0.8976878156565655,0.90625,288
0,0.9465648854961831,0.9288389513108615,0.9649805447470817,257.0,,,,,0.4615384615384615,0.5714285714285714,0.3870967741935484,31.0,,,,,0.8311158528931843,0.2782258064516129,0.30000000000000004,0.4615384615384615,0.7040516735173223,0.7501337613697164,0.676038659470315,288,0.9027777777777778,0.9027777777777778,0.9027777777777778,288,xgboost,,0.5714285714285714,0.3870967741935484,0.8943571801396227,0.8903676951429761,0.9027777777777778,288
0,0.9418386491557224,0.9094202898550725,0.9766536964980544,257.0,,,,,0.27906976744186046,0.5,0.1935483870967742,31.0,,,,,0.7358478724739551,0.12096774193548387,0.5,0.27906976744186046,0.6104542082987914,0.7047101449275363,0.5851010417974143,288,0.8923611111111112,0.8923611111111112,0.8923611111111112,288,adaboost,,0.5,0.1935483870967742,0.8704989431379109,0.8653507447665056,0.8923611111111112,288
0,0.9402697495183044,0.9312977099236641,0.9494163424124513,257.0,,,,,0.45614035087719296,0.5,0.41935483870967744,31.0,,,,,0.7857411823773063,0.2620967741935484,0.17500000000000002,0.45614035087719296,0.6982050501977487,0.7156488549618321,0.6843855905610644,288,0.8923611111111112,0.8923611111111112,0.8923611111111112,288,gradientboost,,0.5,0.41935483870967744,0.8881585989701293,0.8848733036471585,0.8923611111111112,288
0,0.9447619047619047,0.9253731343283582,0.9649805447470817,257.0,,,,,0.43137254901960786,0.55,0.3548387096774194,31.0,,,,,0.8388351951801181,0.24596774193548387,0.42500000000000004,0.43137254901960786,0.6880672268907563,0.7376865671641791,0.6599096272122505,288,0.8993055555555556,0.8993055555555556,0.8993055555555556,288,ensemble,"dict_keys(['neural_net', 'dt', 'nb', 'logr'])",0.55,0.3548387096774194,0.8895012449424213,0.8849683872305142,0.8993055555555556,288
0,0.9291666666666666,0.948936170212766,0.9102040816326531,245.0,,,,,0.5405405405405405,0.47619047619047616,0.625,32.0,,,,,0.7877551020408163,0.3671875,0.15000000000000002,0.5405405405405405,0.7348536036036035,0.7125633232016211,0.7676020408163265,277,0.8772563176895307,0.8772563176895307,0.8772563176895307,277,grid_search_MLP,"{'mlpc__hidden_layer_sizes': (5, 5), 'mlpc__learning_rate_init': 0.001}",0.47619047619047616,0.625,0.8842712297134679,0.894322949242682,0.8772563176895307,277
0,0.939516129032258,0.9282868525896414,0.9510204081632653,245.0,,,,,0.4827586206896552,0.5384615384615384,0.4375,32.0,,,,,0.7604591836734694,0.296875,0.47500000000000003,0.4827586206896552,0.7111373748609566,0.7333741955255899,0.6942602040816326,277,0.891696750902527,0.8916967509025271,0.8916967509025271,277,decision_tree,"{'dt__criterion': 'entropy', 'dt__max_depth': 6, 'dt__max_features': None, 'dt__min_samples_split': 70}",0.5384615384615384,0.4375,0.88674991868221,0.8832528812824236,0.8916967509025271,277
0,0.9224318658280923,0.9482758620689655,0.8979591836734694,245.0,,,,,0.5194805194805195,0.4444444444444444,0.625,32.0,,,,,0.807908163265306,0.33203125,0.65,0.5194805194805195,0.720956192654306,0.696360153256705,0.7614795918367347,277,0.8664259927797834,0.8664259927797834,0.8664259927797834,277,naive_bayes,{'nb__alpha': 0.75},0.4444444444444444,0.625,0.8758815297879395,0.890071510574436,0.8664259927797834,277
0,0.9336188436830835,0.9819819819819819,0.889795918367347,245.0,,,,,0.6436781609195402,0.509090909090909,0.875,32.0,,,,,0.9136479591836735,0.55859375,0.125,0.6436781609195402,0.7886485023013119,0.7455364455364455,0.8823979591836735,277,0.8880866425992779,0.8880866425992779,0.8880866425992779,277,logistic_regression,"{'lr__C': 29.763514416313132, 'lr__penalty': 'l1', 'lr__solver': 'liblinear'}",0.509090909090909,0.875,0.9001238911616632,0.9273519663411359,0.8880866425992779,277
0,0.9266247379454926,0.9525862068965517,0.9020408163265307,245.0,,,,,0.5454545454545454,0.4666666666666667,0.65625,32.0,,,,,0.869515306122449,0.375,0.17500000000000002,0.5454545454545454,0.736039641700019,0.7096264367816092,0.7791454081632654,277,0.8736462093862816,0.8736462093862816,0.8736462093862816,277,xgboost,,0.4666666666666667,0.65625,0.8825906362858886,0.8964510975559152,0.8736462093862816,277
0,0.9435483870967741,0.9322709163346613,0.9551020408163265,245.0,,,,,0.5172413793103449,0.5769230769230769,0.46875,32.0,,,,,0.8760204081632654,0.33984375,0.5,0.5172413793103449,0.7303948832035595,0.754596996628869,0.7119260204081632,277,0.8989169675090253,0.8989169675090253,0.8989169675090253,277,adaboost,,0.5769230769230769,0.46875,0.8942999241033961,0.8912199023954168,0.8989169675090253,277
0,0.9319587628865978,0.9416666666666667,0.9224489795918367,245.0,,,,,0.5217391304347827,0.4864864864864865,0.5625,32.0,,,,,0.835905612244898,0.33984375,0.15000000000000002,0.5217391304347827,0.7268489466606902,0.7140765765765766,0.7424744897959183,277,0.8808664259927798,0.8808664259927798,0.8808664259927798,277,gradientboost,,0.4864864864864865,0.5625,0.8845687692459548,0.8890826747324942,0.8808664259927798,277
0,0.9475806451612903,0.9362549800796812,0.9591836734693877,245.0,,,,,0.5517241379310345,0.6153846153846154,0.5,32.0,,,,,0.8776785714285714,0.3828125,0.42500000000000004,0.5517241379310345,0.7496523915461624,0.7758197977321484,0.7295918367346939,277,0.9061371841155235,0.9061371841155235,0.9061371841155235,277,ensemble,"dict_keys(['neural_net', 'dt', 'nb', 'logr'])",0.6153846153846154,0.5,0.901849929524582,0.8991869235084102,0.9061371841155235,277
0,0.904862579281184,0.9427312775330396,0.8699186991869918,246.0,,,,,0.4578313253012048,0.37254901960784315,0.59375,32.0,,,,,0.8276168699186992,0.21875,0.125,0.4578313253012048,0.6813469522911944,0.6576401485704414,0.7318343495934959,278,0.8381294964028777,0.8381294964028777,0.8381294964028777,278,grid_search_MLP,"{'mlpc__hidden_layer_sizes': (5, 5), 'mlpc__learning_rate_init': 0.001}",0.37254901960784315,0.59375,0.8534057442906828,0.8770987874121537,0.8381294964028777,278
0,0.8634361233480178,0.9423076923076923,0.7967479674796748,246.0,,,,,0.392156862745098,0.2857142857142857,0.625,32.0,,,,,0.7311991869918699,0.0390625,0.07500000000000001,0.392156862745098,0.6277964930465578,0.614010989010989,0.7108739837398375,278,0.7769784172661871,0.7769784172661871,0.7769784172661871,278,decision_tree,"{'dt__criterion': 'entropy', 'dt__max_depth': 6, 'dt__max_features': None, 'dt__min_samples_split': 70}",0.2857142857142857,0.625,0.8091881509045162,0.8667285951458613,0.7769784172661871,278
0,0.9199178644763861,0.9294605809128631,0.9105691056910569,246.0,,,,,0.43478260869565216,0.40540540540540543,0.46875,32.0,,,,,0.7624491869918699,0.2109375,0.775,0.43478260869565216,0.6773502365860191,0.6674329931591343,0.6896595528455285,278,0.8597122302158273,0.8597122302158273,0.8597122302158273,278,naive_bayes,{'nb__alpha': 0.75},0.40540540540540543,0.46875,0.8640749573361578,0.8691376830127241,0.8597122302158273,278
0,0.9421487603305786,0.957983193277311,0.926829268292683,246.0,,,,,0.6111111111111112,0.55,0.6875,32.0,,,,,0.8625508130081301,0.4765625,0.2,0.6111111111111112,0.7766299357208448,0.7539915966386554,0.8071646341463414,278,0.8992805755395683,0.8992805755395683,0.8992805755395683,278,logistic_regression,"{'lr__C': 29.763514416313132, 'lr__penalty': 'l1', 'lr__solver': 'liblinear'}",0.55,0.6875,0.904043707183014,0.9110210990871168,0.8992805755395683,278
0,0.926829268292683,0.926829268292683,0.926829268292683,246.0,,,,,0.4375,0.4375,0.4375,32.0,,,,,0.8470528455284553,0.2265625,0.225,0.4375,0.6821646341463414,0.6821646341463414,0.6821646341463414,278,0.8705035971223022,0.8705035971223022,0.8705035971223022,278,xgboost,,0.4375,0.4375,0.8705035971223022,0.8705035971223022,0.8705035971223022,278
0,0.9277108433734941,0.9166666666666666,0.9390243902439024,246.0,,,,,0.3793103448275862,0.4230769230769231,0.34375,32.0,,,,,0.8179623983739837,0.16796875,0.5,0.3793103448275862,0.6535105941005401,0.6698717948717948,0.6413871951219512,278,0.8705035971223022,0.8705035971223022,0.8705035971223022,278,adaboost,,0.4230769230769231,0.34375,0.8645856061307996,0.8598505810736027,0.8705035971223022,278
0,0.9176954732510288,0.9291666666666667,0.9065040650406504,246.0,,,,,0.4285714285714286,0.39473684210526316,0.46875,32.0,,,,,0.8258384146341464,0.19921875,0.15000000000000002,0.4285714285714286,0.6731334509112288,0.661951754385965,0.6876270325203252,278,0.8561151079136691,0.8561151079136691,0.8561151079136691,278,gradientboost,,0.39473684210526316,0.46875,0.8613934249425856,0.8676495645588792,0.8561151079136691,278
0,0.9373737373737374,0.9317269076305221,0.943089430894309,246.0,,,,,0.4918032786885246,0.5172413793103449,0.46875,32.0,,,,,0.867505081300813,0.3046875,0.375,0.4918032786885246,0.7145885080311309,0.7244841434704334,0.7059197154471545,278,0.8884892086330936,0.8884892086330936,0.8884892086330936,278,ensemble,"dict_keys(['neural_net', 'dt', 'nb', 'logr'])",0.5172413793103449,0.46875,0.8860850514819143,0.8840163432195665,0.8884892086330936,278
0,0.9448818897637796,0.9266409266409267,0.963855421686747,249.0,,,,,0.4615384615384615,0.5714285714285714,0.3870967741935484,31.0,,,,,0.8161678973960357,0.2782258064516129,0.2,0.4615384615384615,0.7032101756511205,0.7490347490347491,0.6754760979401477,280,0.9,0.9,0.9,280,grid_search_MLP,"{'mlpc__hidden_layer_sizes': (5, 5), 'mlpc__learning_rate_init': 0.001}",0.5714285714285714,0.3870967741935484,0.8913688673531194,0.8873138444567017,0.9,280
0,0.9346534653465346,0.921875,0.9477911646586346,249.0,,,,,0.39999999999999997,0.4583333333333333,0.3548387096774194,31.0,,,,,0.8150667184868506,0.1975806451612903,0.375,0.39999999999999997,0.6673267326732673,0.6901041666666666,0.6513149371680269,280,0.8821428571428571,0.8821428571428571,0.8821428571428571,280,decision_tree,"{'dt__criterion': 'entropy', 'dt__max_depth': 6, 'dt__max_features': None, 'dt__min_samples_split': 70}",0.4583333333333333,0.3548387096774194,0.8754596888260254,0.8705543154761906,0.8821428571428571,280
0,0.9306122448979591,0.946058091286307,0.9156626506024096,249.0,,,,,0.5142857142857143,0.46153846153846156,0.5806451612903226,31.0,,,,,0.8413006866174375,0.32661290322580644,0.675,0.5142857142857143,0.7224489795918367,0.7037982764123842,0.7481539059463661,280,0.8785714285714286,0.8785714285714286,0.8785714285714286,280,naive_bayes,{'nb__alpha': 0.75},0.46153846153846156,0.5806451612903226,0.8845189504373178,0.8924148465642242,0.8785714285714286,280
0,0.9460580912863069,0.9785407725321889,0.9156626506024096,249.0,,,,,0.6666666666666666,0.5531914893617021,0.8387096774193549,31.0,,,,,0.9280994947532064,0.5846774193548387,0.25,0.6666666666666666,0.8063623789764868,0.7658661309469454,0.8771861640108822,280,0.9071428571428571,0.9071428571428571,0.9071428571428571,280,logistic_regression,"{'lr__C': 29.763514416313132, 'lr__penalty': 'l1', 'lr__solver': 'liblinear'}",0.5531914893617021,0.8387096774193549,0.9151254692748468,0.9314485304668849,0.9071428571428571,280
0,0.935483870967742,0.9392712550607287,0.9317269076305221,249.0,,,,,0.5,0.48484848484848486,0.5161290322580645,31.0,,,,,0.8937038476486592,0.31048387096774194,0.225,0.5,0.717741935483871,0.7120598699546068,0.7239279699442933,280,0.8857142857142857,0.8857142857142857,0.8857142857142857,280,xgboost,,0.48484848484848486,0.5161290322580645,0.8872695852534562,0.8889601626443732,0.8857142857142857,280
0,0.9430255402750491,0.9230769230769231,0.963855421686747,249.0,,,,,0.43137254901960786,0.55,0.3548387096774194,31.0,,,,,0.7444617178390983,0.24596774193548387,0.5,0.43137254901960786,0.6871990446473285,0.7365384615384616,0.6593470656820832,280,0.8964285714285714,0.8964285714285715,0.8964285714285715,280,adaboost,,0.55,0.3548387096774194,0.8863782448146253,0.8817719780219782,0.8964285714285715,280
0,0.9387755102040817,0.9543568464730291,0.9236947791164659,249.0,,,,,0.5714285714285714,0.5128205128205128,0.6451612903225806,31.0,,,,,0.8802305998186294,0.4153225806451613,0.15000000000000002,0.5714285714285714,0.7551020408163265,0.733588679646771,0.7844280347195233,280,0.8928571428571429,0.8928571428571429,0.8928571428571429,280,gradientboost,,0.5128205128205128,0.6451612903225806,0.8981049562682216,0.9054724666757862,0.8928571428571429,280
0,0.9406952965235175,0.9583333333333334,0.9236947791164659,249.0,,,,,0.5915492957746479,0.525,0.6774193548387096,31.0,,,,,0.9273221919937815,0.4475806451612903,0.325,0.5915492957746479,0.7661222961490827,0.7416666666666667,0.8005570669775878,280,0.8964285714285714,0.8964285714285715,0.8964285714285715,280,ensemble,"dict_keys(['neural_net', 'dt', 'nb', 'logr'])",0.525,0.6774193548387096,0.9020398464406069,0.9103571428571429,0.8964285714285715,280
